{
  "global": [
    {
      "type": "SET_MODEL_NAME",
      "input": {
        "name": "AppointmentBooking"
      },
      "scope": "global",
      "id": "51a6dbf9-068c-4224-9f14-b214e64eedb5",
      "index": 0,
      "timestamp": "2025-03-14T16:51:04.732Z",
      "hash": "OT4OurqqKlOUgtQlmvsGSPqly9c=",
      "skip": 0
    },
    {
      "type": "SET_STATE_SCHEMA",
      "input": {
        "schema": "type AppointmentBookingState {\n  \"Add your global state fields here\"\n  _placeholder: String\n}",
        "scope": "global"
      },
      "scope": "global",
      "id": "1c4fb401-2c4d-4292-94be-ff5309cdd466",
      "index": 1,
      "timestamp": "2025-03-14T16:51:04.732Z",
      "hash": "uFkJImIZkZXY/khmD+8tNgwl3UA=",
      "skip": 0
    },
    {
      "type": "SET_STATE_SCHEMA",
      "input": {
        "schema": "type AppointmentBookingState {\n  \n}",
        "scope": "global"
      },
      "scope": "global",
      "id": "4c6b6221-5a3a-45ab-a6ca-1cf45c2ccf76",
      "index": 2,
      "timestamp": "2025-03-14T16:51:13.399Z",
      "hash": "0tGEM+82SCwKTjuKFuYazGODEOw=",
      "skip": 0
    },
    {
      "type": "SET_STATE_SCHEMA",
      "input": {
        "schema": "type AppointmentBookingState {\n   bookings: [Booking!]!\n}",
        "scope": "global"
      },
      "scope": "global",
      "id": "11ef17d5-f370-449f-a440-02adf8cf23f4",
      "index": 3,
      "timestamp": "2025-03-14T16:51:25.661Z",
      "hash": "U+uGl5o8il8MYLMXBvwAJfhUjz0=",
      "skip": 0
    },
    {
      "type": "SET_STATE_SCHEMA",
      "input": {
        "schema": "type AppointmentBookingState {\n   bookings: [Booking!]!\n}\ntype Currency {\n  ticker: String!\n  crypto: Boolean!\n  label: String!\n  symbol: String!\n}\n\ntype Booking {\n  id: ID!\n  fullName: String!\n  email: String!\n  phone: String!\n  appointmentDateTime: String!\n  appointmentDate: String!\n  appointmentTime: String!\n  fee: Float!\n  currencies: [Currency!]!\n  countryCode: String!\n  receiveNotification: Boolean!\n}\n\n",
        "scope": "global"
      },
      "scope": "global",
      "id": "63e6f7e4-3f3b-4d61-93e6-2846439a5459",
      "index": 4,
      "timestamp": "2025-03-14T16:51:45.395Z",
      "hash": "uIbx89I6lX2c+7CcEShUmiXkrIM=",
      "skip": 0
    },
    {
      "type": "SET_MODEL_DESCRIPTION",
      "input": {
        "description": "This document model is intended to show how the UI Scalar component works in a Connect editor."
      },
      "scope": "global",
      "id": "1bea8358-fda2-4b4e-a0ac-5f362bd88372",
      "index": 5,
      "timestamp": "2025-03-14T16:52:03.150Z",
      "hash": "A5y9j4ggCvsooJrAU+1oxMJlpww=",
      "skip": 0
    },
    {
      "type": "SET_MODEL_ID",
      "input": {
        "id": "powerhouse/form-appintment"
      },
      "scope": "global",
      "id": "000cbf59-7b38-4c9f-b872-90a339e6ecce",
      "index": 6,
      "timestamp": "2025-03-14T16:52:32.982Z",
      "hash": "sC3+pjfOp7aQocl3+t8a8sJ36FI=",
      "skip": 0
    },
    {
      "type": "SET_AUTHOR_NAME",
      "input": {
        "authorName": "powerhoise"
      },
      "scope": "global",
      "id": "629eff62-f4b2-4dc8-b667-f09d30182713",
      "index": 7,
      "timestamp": "2025-03-14T16:52:37.169Z",
      "hash": "ZL5sJLp9z/Q8wnCRcjwIsadwl00=",
      "skip": 0
    },
    {
      "type": "SET_MODEL_EXTENSION",
      "input": {
        "extension": ".phdm"
      },
      "scope": "global",
      "id": "a3fae390-f47f-49ff-b0af-e4af3d68688b",
      "index": 8,
      "timestamp": "2025-03-14T16:52:50.353Z",
      "hash": "8dhluXmK+ltX5RWWNDhhjAzjbEM=",
      "skip": 0
    },
    {
      "type": "ADD_MODULE",
      "input": {
        "id": "DtrR0Ho+6BdxjoVrJ7CmXVg6GnE=",
        "name": "add"
      },
      "scope": "global",
      "id": "61e50b50-4a02-4589-ad0a-f7a810fa27c6",
      "index": 9,
      "timestamp": "2025-03-14T16:53:02.534Z",
      "hash": "6BbuHFO5CmbO2TlHOevRd0gWkq0=",
      "skip": 0
    },
    {
      "type": "SET_MODULE_NAME",
      "input": {
        "id": "DtrR0Ho+6BdxjoVrJ7CmXVg6GnE=",
        "name": "appointment_booking"
      },
      "scope": "global",
      "id": "193755b3-22fd-40e1-b5b5-88b31e30cddb",
      "index": 10,
      "timestamp": "2025-03-14T16:53:34.649Z",
      "hash": "X4+e0SlgMiXdp+jHRn9ebTeOROA=",
      "skip": 0
    },
    {
      "type": "ADD_OPERATION",
      "input": {
        "id": "UzvdeoMaDCzAGl7Ye2mX+brD8WA=",
        "moduleId": "DtrR0Ho+6BdxjoVrJ7CmXVg6GnE=",
        "name": "ADD_APPOINTMENT"
      },
      "scope": "global",
      "id": "27fce920-aa51-4336-8091-178f283d9f28",
      "index": 11,
      "timestamp": "2025-03-14T16:53:42.577Z",
      "hash": "a1SA+XJSnaysl5gTDnlpCOXG5Wg=",
      "skip": 0
    },
    {
      "type": "SET_OPERATION_SCHEMA",
      "input": {
        "id": "UzvdeoMaDCzAGl7Ye2mX+brD8WA=",
        "schema": "input AddAppointmentInput {\n  \"Add your inputs here\"\n  _placeholder: String\n}"
      },
      "scope": "global",
      "id": "7ed9be8c-723a-4e5a-a766-20282eb1d757",
      "index": 12,
      "timestamp": "2025-03-14T16:53:42.622Z",
      "hash": "1v9v847qZyKHT/JK5cjcbhrB/ws=",
      "skip": 0
    },
    {
      "type": "SET_OPERATION_SCHEMA",
      "input": {
        "id": "UzvdeoMaDCzAGl7Ye2mX+brD8WA=",
        "schema": "input AddAppointmentInput {\n  id: ID!\n}"
      },
      "scope": "global",
      "id": "3bc9da1a-958a-427b-a9d1-0b010de5d42e",
      "index": 13,
      "timestamp": "2025-03-14T16:54:00.173Z",
      "hash": "LXly6Biltk7VFjUGXB7wwLGc978=",
      "skip": 0
    },
    {
      "type": "SET_OPERATION_SCHEMA",
      "input": {
        "id": "UzvdeoMaDCzAGl7Ye2mX+brD8WA=",
        "schema": "input AddAppointmentInput {\n  id: ID!\n  fullName: String!\n  email: String!\n  phone: String!\n  appointmentDateTime: String!\n  appointmentDate: String!\n  appointmentTime: String!\n  fee: Float!\n  currencies: [Currency!]!\n  countryCode: String!\n  receiveNotification: Boolean!\n}"
      },
      "scope": "global",
      "id": "c02b5fd2-8d26-4fb1-bab5-82956dd2e720",
      "index": 14,
      "timestamp": "2025-03-14T16:54:20.973Z",
      "hash": "SfxtRZ/R0fIV18Ta9giHYugTDmc=",
      "skip": 0
    },
    {
      "type": "SET_STATE_SCHEMA",
      "input": {
        "schema": "type AppointmentBookingState {\n   bookings: [Booking!]!\n}\ntype Currency {\n  ticker: String!\n  crypto: Boolean!\n  label: String!\n  symbol: String!\n}\n\ntype Booking {\n  id: ID!\n  fullName: String!\n  email: String!\n  phone: String!\n  appointmentDateTime: String!\n  appointmentDate: String!\n  appointmentTime: String!\n  fee: Float\n  currencies: [Currency!]!\n  countryCode: String\n  receiveNotification: Boolean\n}\n\n",
        "scope": "global"
      },
      "scope": "global",
      "id": "6a97b539-1eb5-444e-988d-97938ad221da",
      "index": 15,
      "timestamp": "2025-03-14T16:55:07.855Z",
      "hash": "fIY//PYr/mx9b2qnOHe9EY7XtpA=",
      "skip": 0
    },
    {
      "type": "SET_OPERATION_SCHEMA",
      "input": {
        "id": "UzvdeoMaDCzAGl7Ye2mX+brD8WA=",
        "schema": "input AddAppointmentInput {\n  id: ID!\n  fullName: String\n  email: String!\n  phone: String!\n  appointmentDateTime: String!\n  appointmentDate: String!\n  appointmentTime: String!\n  fee: Float!\n  currencies: [Currency!]!\n  countryCode: String!\n  receiveNotification: Boolean!\n}"
      },
      "scope": "global",
      "id": "9184c753-0d80-4ebe-9e79-ae546634559a",
      "index": 16,
      "timestamp": "2025-03-14T16:55:21.824Z",
      "hash": "IspJl+YogPWxEWMHTLpxde5XMQY=",
      "skip": 0
    },
    {
      "type": "SET_OPERATION_SCHEMA",
      "input": {
        "id": "UzvdeoMaDCzAGl7Ye2mX+brD8WA=",
        "schema": "input AddAppointmentInput {\n  id: ID!\n  fullName: String!\n  email: String!\n  phone: String!\n  appointmentDateTime: String!\n  appointmentDate: String!\n  appointmentTime: String!\n  fee: Float!\n  currencies: [Currency!]!\n  countryCode: String!\n  receiveNotification: Boolean!\n}"
      },
      "scope": "global",
      "id": "a2c06680-d862-474e-8c6b-f65b5cc56f09",
      "index": 17,
      "timestamp": "2025-03-14T16:55:28.277Z",
      "hash": "fIY//PYr/mx9b2qnOHe9EY7XtpA=",
      "skip": 0
    },
    {
      "type": "ADD_OPERATION",
      "input": {
        "id": "NVlP0vlJOvXmmEOn3KW4fE/NDMQ=",
        "moduleId": "DtrR0Ho+6BdxjoVrJ7CmXVg6GnE=",
        "name": "REMOVE_APPOINTMENT"
      },
      "scope": "global",
      "id": "9e302f31-7295-4d50-be74-0993509cfeb9",
      "index": 18,
      "timestamp": "2025-03-14T16:55:40.038Z",
      "hash": "WUwUXl3fPu3CMFEtX/UnnDMMMfY=",
      "skip": 0
    },
    {
      "type": "SET_OPERATION_SCHEMA",
      "input": {
        "id": "NVlP0vlJOvXmmEOn3KW4fE/NDMQ=",
        "schema": "input RemoveAppointmentInput {\n  \"Add your inputs here\"\n  _placeholder: String\n}"
      },
      "scope": "global",
      "id": "f302cce6-5078-4c4f-9815-4ef5c5bcc7cd",
      "index": 19,
      "timestamp": "2025-03-14T16:55:40.083Z",
      "hash": "MHpRQ4Vq66vPin5/dtgBUSl5sxs=",
      "skip": 0
    },
    {
      "type": "SET_OPERATION_SCHEMA",
      "input": {
        "id": "NVlP0vlJOvXmmEOn3KW4fE/NDMQ=",
        "schema": "input RemoveAppointmentInput {\n id: ID!\n}"
      },
      "scope": "global",
      "id": "639c6c60-da3a-4cc3-b4b3-ae457c4ad843",
      "index": 20,
      "timestamp": "2025-03-14T16:55:50.762Z",
      "hash": "AojAfMeaoGUwzItasDYbJRuFIOI=",
      "skip": 0
    },
    {
      "type": "SET_INITIAL_STATE",
      "input": {
        "initialValue": "{\n  \n}",
        "scope": "global"
      },
      "scope": "global",
      "id": "880e8336-3d37-4a67-81d5-a3c2e004c317",
      "index": 21,
      "timestamp": "2025-03-14T16:56:15.256Z",
      "hash": "QefKlqdKIrBTm0SawS8SD1NzCrM=",
      "skip": 0
    },
    {
      "type": "SET_INITIAL_STATE",
      "input": {
        "initialValue": "{\n  bookings:[]\n}",
        "scope": "global"
      },
      "scope": "global",
      "id": "5e8953a2-a061-4d94-ba4a-d49fd9b6527d",
      "index": 22,
      "timestamp": "2025-03-14T16:56:30.523Z",
      "hash": "dtUIXZJ9On6K3ACF8pbHG0fODwQ=",
      "skip": 0
    },
    {
      "type": "SET_INITIAL_STATE",
      "input": {
        "initialValue": "{\n  \"bookings\":[]\n}",
        "scope": "global"
      },
      "scope": "global",
      "id": "a2c5523d-a1e0-4ee3-874b-b326dca1f29c",
      "index": 23,
      "timestamp": "2025-03-14T16:56:52.827Z",
      "hash": "/vmQjNK7BXYyaauNmU7iSaBaI1w=",
      "skip": 0
    },
    {
      "type": "ADD_OPERATION",
      "input": {
        "id": "qdHjVYDRo2BWeCchTo0+O8sfpK8=",
        "moduleId": "DtrR0Ho+6BdxjoVrJ7CmXVg6GnE=",
        "name": "UPDATE_APPOINMENT"
      },
      "scope": "global",
      "id": "83c25072-74a2-41b7-b43a-058ae3d8c826",
      "index": 24,
      "timestamp": "2025-03-16T12:48:40.276Z",
      "hash": "hOJ836K0hIlUZqG/cWw7LjQL1BE=",
      "skip": 0
    },
    {
      "type": "SET_OPERATION_SCHEMA",
      "input": {
        "id": "qdHjVYDRo2BWeCchTo0+O8sfpK8=",
        "schema": "input UpdateAppoinmentInput {\n  \"Add your inputs here\"\n  _placeholder: String\n}"
      },
      "scope": "global",
      "id": "5a0fb698-7d65-4013-89ae-7c12ff0172b7",
      "index": 25,
      "timestamp": "2025-03-16T12:48:40.305Z",
      "hash": "hCnEfyEZH63Xm2n9LPcnZLn+r1Y=",
      "skip": 0
    },
    {
      "type": "SET_OPERATION_SCHEMA",
      "input": {
        "id": "qdHjVYDRo2BWeCchTo0+O8sfpK8=",
        "schema": "input UpdateAppoinmentInput {\n id: ID!\n fullName: String\n email: String\n phone\n}"
      },
      "scope": "global",
      "id": "2e53e4ea-bb1d-444c-ba95-e9772a51a703",
      "index": 26,
      "timestamp": "2025-03-16T12:49:19.953Z",
      "hash": "VupseOqnKM6pNIGDx5bxG/rhNPg=",
      "skip": 0
    },
    {
      "type": "SET_OPERATION_SCHEMA",
      "input": {
        "id": "qdHjVYDRo2BWeCchTo0+O8sfpK8=",
        "schema": "input UpdateAppoinmentInput {\n id: ID!\n fullName: String\n email: String\n phone: String\n  \n}"
      },
      "scope": "global",
      "id": "f96830e1-d5aa-42d6-84e6-2687047a0bc6",
      "index": 27,
      "timestamp": "2025-03-16T12:49:28.667Z",
      "hash": "DILZYKOr1Nh2IGX4tnKZ1M1ZEb0=",
      "skip": 0
    },
    {
      "type": "SET_OPERATION_SCHEMA",
      "input": {
        "id": "qdHjVYDRo2BWeCchTo0+O8sfpK8=",
        "schema": "input UpdateAppoinmentInput {\n id: ID!\n fullName: String\n email: String\n phone: String\n appointmentDateTime: String\n appointmentDate: String\n appoint\n}"
      },
      "scope": "global",
      "id": "9581f96e-06f0-43bd-8b29-1a01440293f4",
      "index": 28,
      "timestamp": "2025-03-16T12:50:11.953Z",
      "hash": "oAHtzDHRKNufevqxC2D68ag7TEM=",
      "skip": 0
    },
    {
      "type": "SET_OPERATION_SCHEMA",
      "input": {
        "id": "qdHjVYDRo2BWeCchTo0+O8sfpK8=",
        "schema": "input UpdateAppoinmentInput {\n id: ID!\n fullName: String\n email: String\n phone: String\n appointmentDateTime: String\n appointmentDate: String\n appointmentTime: String\n fee: Float\n currencies\n}"
      },
      "scope": "global",
      "id": "6e17b5f8-c493-4163-8dee-dfda9185e12b",
      "index": 29,
      "timestamp": "2025-03-16T12:50:58.274Z",
      "hash": "ixz9T3mloNcSWJm2RqEWLh1AUaw=",
      "skip": 0
    },
    {
      "type": "SET_OPERATION_SCHEMA",
      "input": {
        "id": "qdHjVYDRo2BWeCchTo0+O8sfpK8=",
        "schema": "input UpdateAppoinmentInput {\n id: ID!\n fullName: String\n email: String\n phone: String\n appointmentDateTime: String\n appointmentDate: String\n appointmentTime: String\n fee: Float\n currencies: [Currency]\n countryCode: String\n  receiveNotification: Boolean\n}"
      },
      "scope": "global",
      "id": "aa13924b-4792-43b7-806b-3b567619f87f",
      "index": 30,
      "timestamp": "2025-03-16T12:52:18.504Z",
      "hash": "EVQmiFD79JUD14u5E+QsVgneSHQ=",
      "skip": 0
    },
    {
      "type": "SET_STATE_SCHEMA",
      "input": {
        "schema": "type AppointmentBookingState {\n   bookings: [Booking!]!\n}\n\ntype Booking {\n  id: ID!\n  fullName: String!\n  email: String!\n  phone: String!\n  appointmentDateTime: String!\n  appointmentDate: String!\n  appointmentTime: String!\n  fee: Float\n  countryCode: String\n  receiveNotification: Boolean\n}\n\n",
        "scope": "global"
      },
      "scope": "global",
      "id": "018b170b-e584-4ede-b239-b4761e44eb9e",
      "index": 31,
      "timestamp": "2025-03-17T22:29:54.355Z",
      "hash": "XbIUFz+TQq0uATuQiEkUOXnKGkg=",
      "skip": 0
    },
    {
      "type": "SET_OPERATION_SCHEMA",
      "input": {
        "id": "UzvdeoMaDCzAGl7Ye2mX+brD8WA=",
        "schema": "input AddAppointmentInput {\n  id: ID!\n  fullName: String!\n  email: String!\n  phone: String!\n  appointmentDateTime: String!\n  appointmentDate: String!\n  appointmentTime: String!\n  fee: Float!\n  countryCode: String!\n  receiveNotification: Boolean!\n}"
      },
      "scope": "global",
      "id": "51cf16f2-bcea-4c8b-8b5a-57f29d4c44b3",
      "index": 32,
      "timestamp": "2025-03-17T22:30:03.916Z",
      "hash": "ZUKEzIEjtSFybtXL4G65AnC5DEs=",
      "skip": 0
    },
    {
      "type": "SET_OPERATION_SCHEMA",
      "input": {
        "id": "qdHjVYDRo2BWeCchTo0+O8sfpK8=",
        "schema": "input UpdateAppoinmentInput {\n id: ID!\n fullName: String\n email: String\n phone: String\n appointmentDateTime: String\n appointmentDate: String\n appointmentTime: String\n fee: Float\n countryCode: String\n  receiveNotification: Boolean\n}"
      },
      "scope": "global",
      "id": "68642415-9e18-4945-9a19-854f76bcdc19",
      "index": 33,
      "timestamp": "2025-03-17T22:30:11.058Z",
      "hash": "2B/qwWWe23Dljn/uAynyxry/HNA=",
      "skip": 0
    },
    {
      "type": "SET_STATE_SCHEMA",
      "input": {
        "schema": "type AppointmentBookingState {\n   bookings: [Booking!]!\n}\ntype Currency {\n  ticker: String!\n  crypto: Boolean!\n  label: String!\n  symbol: String!\n}\n\ntype Booking {\n  id: ID!\n  fullName: String!\n  email: String!\n  phone: String!\n  appointmentDateTime: String!\n  appointmentDate: String!\n  appointmentTime: String!\n  fee: Float\n  currencies: [Currency!]!\n  countryCode: String\n  receiveNotification: Boolean\n}\n\n",
        "scope": "global"
      },
      "scope": "global",
      "id": "06c80406-005f-4682-bfda-554a8ad38cd5",
      "index": 34,
      "timestamp": "2025-03-17T22:30:41.010Z",
      "hash": "15ykWNJfN2NsbnZuNDaWd69+/0k=",
      "skip": 0
    },
    {
      "type": "SET_STATE_SCHEMA",
      "input": {
        "schema": "type AppointmentBookingState {\n   bookings: [Booking!]!\n}\ntype Currency {\n  ticker: String!\n  crypto: Boolean!\n  label: String!\n  symbol: String!\n}\n\ntype Booking {\n  id: ID!\n  fullName: String!\n  email: String!\n  phone: String!\n  appointmentDateTime: String!\n  appointmentDate: String!\n  appointmentTime: String!\n  fee: Float\n  currencies: \n  countryCode: String\n  receiveNotification: Boolean\n}\n\n",
        "scope": "global"
      },
      "scope": "global",
      "id": "71f47254-602e-4c36-8943-49e3eda6e789",
      "index": 35,
      "timestamp": "2025-03-17T22:30:49.284Z",
      "hash": "QkGk+w+PsS6E2lEXO8qAV5AM9uA=",
      "skip": 0
    },
    {
      "type": "SET_STATE_SCHEMA",
      "input": {
        "schema": "type AppointmentBookingState {\n   bookings: [Booking!]!\n}\n\ntype Booking {\n  id: ID!\n  fullName: String!\n  email: String!\n  phone: String!\n  appointmentDateTime: String!\n  appointmentDate: String!\n  appointmentTime: String!\n  fee: Float\n  currencies: String\n  countryCode: String\n  receiveNotification: Boolean\n}\n\n",
        "scope": "global"
      },
      "scope": "global",
      "id": "afb0e899-53a1-48c2-865a-0a93fe9df24a",
      "index": 36,
      "timestamp": "2025-03-17T22:31:09.122Z",
      "hash": "kxc+sUyRAIihZa0XYLNAj+JrNyY=",
      "skip": 0
    },
    {
      "type": "SET_OPERATION_SCHEMA",
      "input": {
        "id": "UzvdeoMaDCzAGl7Ye2mX+brD8WA=",
        "schema": "input AddAppointmentInput {\n  id: ID!\n  fullName: String!\n  email: String!\n  phone: String!\n  appointmentDateTime: String!\n  appointmentDate: String!\n  appointmentTime: String!\n  fee: Float!\n  cu\n  countryCode: String!\n  receiveNotification: Boolean!\n}"
      },
      "scope": "global",
      "id": "213d1289-8f4c-4feb-99ee-dc5750184c69",
      "index": 37,
      "timestamp": "2025-03-17T22:31:18.409Z",
      "hash": "cDAhEOQsL0/b5KPszAZQC037C0g=",
      "skip": 0
    },
    {
      "type": "SET_STATE_SCHEMA",
      "input": {
        "schema": "type AppointmentBookingState {\n   bookings: [Booking!]!\n}\n\ntype Booking {\n  id: ID!\n  fullName: String!\n  email: String!\n  phone: String!\n  appointmentDateTime: String!\n  appointmentDate: String!\n  appointmentTime: String!\n  fee: Float\n  currency: String\n  countryCode: String\n  receiveNotification: Boolean\n}\n\n",
        "scope": "global"
      },
      "scope": "global",
      "id": "71abe0ac-5af4-4829-b1bb-02418a069ef2",
      "index": 38,
      "timestamp": "2025-03-17T22:31:37.863Z",
      "hash": "8LTw7z/Q1UfNin3gcal2pAZn1ik=",
      "skip": 0
    },
    {
      "type": "SET_OPERATION_SCHEMA",
      "input": {
        "id": "UzvdeoMaDCzAGl7Ye2mX+brD8WA=",
        "schema": "input AddAppointmentInput {\n  id: ID!\n  fullName: String!\n  email: String!\n  phone: String!\n  appointmentDateTime: String!\n  appointmentDate: String!\n  appointmentTime: String!\n  fee: Float!\n  currency: String\n  countryCode: String!\n  receiveNotification: Boolean!\n}"
      },
      "scope": "global",
      "id": "aab327af-e730-4857-ae03-7ce979d3d6eb",
      "index": 39,
      "timestamp": "2025-03-17T22:31:49.721Z",
      "hash": "TtwRmQQ9woOZTUVpWaxLZQe9/GM=",
      "skip": 0
    },
    {
      "type": "SET_OPERATION_SCHEMA",
      "input": {
        "id": "UzvdeoMaDCzAGl7Ye2mX+brD8WA=",
        "schema": "input AddAppointmentInput {\n  id: ID!\n  fullName: String!\n  email: String!\n  phone: String!\n  appointmentDateTime: String!\n  appointmentDate: String!\n  appointmentTime: String!\n  fee: Float!\n  currency: String!\n  countryCode: String!\n  receiveNotification: Boolean!\n}"
      },
      "scope": "global",
      "id": "5d8b88c7-8485-45ae-a6cc-06dd5fb09a04",
      "index": 40,
      "timestamp": "2025-03-17T22:32:02.026Z",
      "hash": "ar1Cpcod/d1cJB0bmz5cjWAbUH8=",
      "skip": 0
    },
    {
      "type": "SET_OPERATION_SCHEMA",
      "input": {
        "id": "qdHjVYDRo2BWeCchTo0+O8sfpK8=",
        "schema": "input UpdateAppoinmentInput {\n id: ID!\n fullName: String\n email: String\n phone: String\n appointmentDateTime: String\n appointmentDate: String\n appointmentTime: String\n fee: Float\n countryCode: String\n  currency: String\n  receiveNotification: Boolean\n}"
      },
      "scope": "global",
      "id": "21eba5f9-7fcc-455a-a96b-bb22c134b6ae",
      "index": 41,
      "timestamp": "2025-03-17T22:32:17.032Z",
      "hash": "ydhtIFLmgeCdtGWefNEZ0LSpaVg=",
      "skip": 0
    },
    {
      "type": "SET_STATE_SCHEMA",
      "input": {
        "schema": "type AppointmentBookingState {\n   bookings: [Booking!]!\n}\n\ntype Booking {\n  id: ID!\n  fullName: String!\n  email: String!\n  phone: String!\n  appointmentDateTime: String!\n  appointmentDate: String!\n  appointmentTime: String!\n  fee: Float\n  countryCode: String\n  receiveNotification: Boolean\n}\n\n",
        "scope": "global"
      },
      "scope": "global",
      "id": "b6b1eff6-7e31-4af7-9aa5-a32beb349bae",
      "index": 42,
      "timestamp": "2025-03-17T22:37:37.842Z",
      "hash": "eN4NUCqVrQcLlkzUgv8wYT/K4XY=",
      "skip": 0
    },
    {
      "type": "SET_OPERATION_SCHEMA",
      "input": {
        "id": "UzvdeoMaDCzAGl7Ye2mX+brD8WA=",
        "schema": "input AddAppointmentInput {\n  id: ID!\n  fullName: String!\n  email: String!\n  phone: String!\n  appointmentDateTime: String!\n  appointmentDate: String!\n  appointmentTime: String!\n  fee: Float!\n  countryCode: String!\n  receiveNotification: Boolean!\n}"
      },
      "scope": "global",
      "id": "994e5a56-e061-44c1-96b8-96d70582feff",
      "index": 43,
      "timestamp": "2025-03-17T22:37:42.290Z",
      "hash": "cwRoShClz/aPwugc2qF3DweZCXI=",
      "skip": 0
    },
    {
      "type": "SET_OPERATION_SCHEMA",
      "input": {
        "id": "qdHjVYDRo2BWeCchTo0+O8sfpK8=",
        "schema": "input UpdateAppoinmentInput {\n id: ID!\n fullName: String\n email: String\n phone: String\n appointmentDateTime: String\n appointmentDate: String\n appointmentTime: String\n fee: Float\n countryCode: String\n  receiveNotification: Boolean\n}"
      },
      "scope": "global",
      "id": "1331af9c-2bc7-4dfd-a243-3cd96e28ee3b",
      "index": 44,
      "timestamp": "2025-03-17T22:37:46.316Z",
      "hash": "2B/qwWWe23Dljn/uAynyxry/HNA=",
      "skip": 0
    }
  ],
  "local": []
}