{
  "global": [
    {
      "type": "SET_MODEL_NAME",
      "input": {
        "name": "PeopleRegistryExample"
      },
      "scope": "global",
      "id": "765d72aa-0dfc-420f-9f9b-77bd871e23dd",
      "index": 0,
      "timestamp": "2025-03-01T23:15:35.325Z",
      "hash": "vuppe1nQ66+x/Ria5fmqcyiifRs=",
      "skip": 0
    },
    {
      "type": "SET_STATE_SCHEMA",
      "input": {
        "schema": "type PeopleRegistryExampleState {\n  \"Add your global state fields here\"\n  _placeholder: String\n}",
        "scope": "global"
      },
      "scope": "global",
      "id": "eca20a6d-3324-45aa-bf68-a5f17c20793f",
      "index": 1,
      "timestamp": "2025-03-01T23:15:35.325Z",
      "hash": "n34DbAMN8aOogikeeSEUlL+f9nU=",
      "skip": 0
    },
    {
      "type": "SET_STATE_SCHEMA",
      "input": {
        "schema": "type PeopleRegistryExampleState {\n  people: [People!]!\n}\n\nenum Gender {\n  MALE\n  FEMALE\n  OTHER\n}\n\ntype ContactPreference {\n  receiveNotification: Boolean\n  subscribeToNewsletter: Boolean\n}\n\ntype People {\n  id: ID!\n  firstName: String!\n  age: Int!\n  height: Int\n  email: EmailAddress!\n  phone: String!\n  bio: String!\n  gender: Gender!\n  contactPreference: ContactPreference!\n}",
        "scope": "global"
      },
      "scope": "global",
      "id": "b27104b1-5d6d-4574-a1dc-1a5530aef9d6",
      "index": 2,
      "timestamp": "2025-03-01T23:15:44.311Z",
      "hash": "xOvU4F3bZyGmjLVICLlTF/EOLZA=",
      "skip": 0
    },
    {
      "type": "ADD_MODULE",
      "input": {
        "id": "QrqLx1WZub0/KEuWjXgpriEk1zc=",
        "name": "people_registry"
      },
      "scope": "global",
      "id": "1727581a-3369-4926-bc52-a023d6c5802f",
      "index": 3,
      "timestamp": "2025-03-01T23:15:52.613Z",
      "hash": "03eclFY+rC2X+/nwcZuZFztvkbY=",
      "skip": 0
    },
    {
      "type": "ADD_OPERATION",
      "input": {
        "id": "pjYd9zCFM9HNzkq4ZxprMr0RHUo=",
        "moduleId": "QrqLx1WZub0/KEuWjXgpriEk1zc=",
        "name": "ADD_PERSON"
      },
      "scope": "global",
      "id": "ccac5d8b-1b91-4275-93d8-4be4b954d79d",
      "index": 4,
      "timestamp": "2025-03-01T23:15:57.527Z",
      "hash": "hQDFBtquT8hYnW5AvYY6pYbsXGU=",
      "skip": 0
    },
    {
      "type": "SET_OPERATION_SCHEMA",
      "input": {
        "id": "pjYd9zCFM9HNzkq4ZxprMr0RHUo=",
        "schema": "input AddPersonInput {\n  \"Add your inputs here\"\n  _placeholder: String\n}"
      },
      "scope": "global",
      "id": "e257958a-8c49-4378-bab9-3a4f9b9214af",
      "index": 5,
      "timestamp": "2025-03-01T23:15:57.563Z",
      "hash": "yxRwyWesOdFDyWcWTu4EtWIXvlE=",
      "skip": 0
    },
    {
      "type": "SET_OPERATION_SCHEMA",
      "input": {
        "id": "pjYd9zCFM9HNzkq4ZxprMr0RHUo=",
        "schema": "input AddPersonInput {\n  id: ID!\n  firstName: String!\n  age: Int!\n  height: Int\n  email: EmailAddress!\n  phone: String!\n  bio: String!\n  gender: Gender!\n  contactPreference: ContactPreference!\n}"
      },
      "scope": "global",
      "id": "d7d818ab-7bef-4764-ab25-9803f7699c13",
      "index": 6,
      "timestamp": "2025-03-01T23:16:05.501Z",
      "hash": "+f7Yo2+FcsEUmcLdHuTuI2nhCpI=",
      "skip": 0
    },
    {
      "type": "ADD_OPERATION",
      "input": {
        "id": "KZlDdu6yNjxNobs3DfLV9BgDOl8=",
        "moduleId": "QrqLx1WZub0/KEuWjXgpriEk1zc=",
        "name": "REMOVE_PERSON"
      },
      "scope": "global",
      "id": "a87c5fa6-7ebf-457f-a424-c52c77f4a81c",
      "index": 7,
      "timestamp": "2025-03-01T23:16:09.685Z",
      "hash": "usTs//VATu9gXUzuD+eRu08iuD8=",
      "skip": 0
    },
    {
      "type": "SET_OPERATION_SCHEMA",
      "input": {
        "id": "KZlDdu6yNjxNobs3DfLV9BgDOl8=",
        "schema": "input RemovePersonInput {\n  \"Add your inputs here\"\n  _placeholder: String\n}"
      },
      "scope": "global",
      "id": "2c68a58b-8db4-42d4-b36d-ac53f18099d5",
      "index": 8,
      "timestamp": "2025-03-01T23:16:09.904Z",
      "hash": "N/Z0H6mSq7yxRp/kz5Ac0ILiIBI=",
      "skip": 0
    },
    {
      "type": "SET_OPERATION_SCHEMA",
      "input": {
        "id": "KZlDdu6yNjxNobs3DfLV9BgDOl8=",
        "schema": "input RemovePersonInput {\n  id: ID!\n}"
      },
      "scope": "global",
      "id": "dafae7db-f484-4e60-b699-602145402cc7",
      "index": 9,
      "timestamp": "2025-03-01T23:16:15.825Z",
      "hash": "C++PK5dSTa2WSoL6vXQVxOgjoEM=",
      "skip": 0
    },
    {
      "type": "SET_INITIAL_STATE",
      "input": {
        "initialValue": "{\n  \"people\": []\n}",
        "scope": "global"
      },
      "scope": "global",
      "id": "944c7311-a2ea-4291-9d39-6d3eea6cabd2",
      "index": 10,
      "timestamp": "2025-03-01T23:16:30.781Z",
      "hash": "5LQyZh1vY+7zKYwoC19RF7Ji010=",
      "skip": 0
    },
    {
      "type": "SET_MODEL_ID",
      "input": {
        "id": "powerhouse/form-examples"
      },
      "scope": "global",
      "id": "55997451-1d74-4b54-ad51-b06760999b1b",
      "index": 11,
      "timestamp": "2025-03-01T23:16:58.028Z",
      "hash": "W/tdny0G8rc8+flvuHzO1onioFU=",
      "skip": 0
    },
    {
      "type": "SET_MODEL_EXTENSION",
      "input": {
        "extension": ".fexa"
      },
      "scope": "global",
      "id": "325ea0c7-d299-4a57-8404-eada80898ce4",
      "index": 12,
      "timestamp": "2025-03-01T23:17:13.448Z",
      "hash": "xh/FTnLweBzGmYBV0HsbNlgoHwA=",
      "skip": 0
    },
    {
      "type": "SET_AUTHOR_NAME",
      "input": {
        "authorName": "Powerhouse"
      },
      "scope": "global",
      "id": "b5eda6a2-3c17-4cb5-b6eb-242339fd5545",
      "index": 13,
      "timestamp": "2025-03-01T23:17:19.253Z",
      "hash": "0oquv+6tgFmlVHmumLX1JMCm9gM=",
      "skip": 0
    },
    {
      "type": "SET_AUTHOR_WEBSITE",
      "input": {
        "authorWebsite": "https://powerhouse.inc"
      },
      "scope": "global",
      "id": "3a275740-6d9a-4af5-9e8a-c45985309845",
      "index": 14,
      "timestamp": "2025-03-01T23:17:26.762Z",
      "hash": "/gUDLl4alXd5IyBAucui+FEMUvk=",
      "skip": 0
    },
    {
      "type": "SET_MODEL_DESCRIPTION",
      "input": {
        "description": "This Document Model is intended to show how UI Scalar component works in a Connect Editor"
      },
      "scope": "global",
      "id": "796bf766-e783-4287-9c84-eddaebdd542c",
      "index": 15,
      "timestamp": "2025-03-01T23:19:09.076Z",
      "hash": "9xOJ5w1vC1bVAs5r+9bFZ+mnJpI=",
      "skip": 0
    },
    {
      "type": "SET_MODEL_DESCRIPTION",
      "input": {
        "description": "This document model is intended to show how the UI Scalar component works in a Connect editor."
      },
      "scope": "global",
      "id": "6517b802-e7ea-4e09-8a83-cc5b1c443909",
      "index": 16,
      "timestamp": "2025-03-01T23:19:12.359Z",
      "hash": "xVk0HFBLpsDx+zhkjGw8v8wijBQ=",
      "skip": 0
    },
    {
      "type": "SET_STATE_SCHEMA",
      "input": {
        "schema": "type PeopleRegistryExampleState {\n  people: [Person!]!\n}\n\nenum Gender {\n  MALE\n  FEMALE\n  OTHER\n}\n\ntype ContactPreference {\n  receiveNotification: Boolean\n  subscribeToNewsletter: Boolean\n}\n\ntype Person {\n  id: ID!\n  firstName: String!\n  age: Int!\n  height: Int\n  email: EmailAddress!\n  phone: String!\n  bio: String!\n  gender: Gender!\n  contactPreference: ContactPreference!\n}",
        "scope": "global"
      },
      "scope": "global",
      "id": "fe69b4a8-be91-4ee5-8a0a-c8329c111659",
      "index": 17,
      "timestamp": "2025-03-03T22:21:56.598Z",
      "hash": "VZQnCvFpKV0SNJ21fs4OGLHdTC0=",
      "skip": 0
    },
    {
      "type": "ADD_OPERATION",
      "input": {
        "id": "yUV//aHKuKNYol6qcsdlMaHpT6g=",
        "moduleId": "QrqLx1WZub0/KEuWjXgpriEk1zc=",
        "name": "UPDATE_PERSON"
      },
      "scope": "global",
      "id": "8d96f320-39a0-426a-bfc8-7834bc3c4269",
      "index": 18,
      "timestamp": "2025-03-03T22:22:25.039Z",
      "hash": "LOXclbf1oOQRPQ709ebjScT30Zg=",
      "skip": 0
    },
    {
      "type": "SET_OPERATION_SCHEMA",
      "input": {
        "id": "yUV//aHKuKNYol6qcsdlMaHpT6g=",
        "schema": "input UpdatePersonInput {\n  \"Add your inputs here\"\n  _placeholder: String\n}"
      },
      "scope": "global",
      "id": "e0db6ffe-d197-4808-8f85-7b1357ac9919",
      "index": 19,
      "timestamp": "2025-03-03T22:22:25.088Z",
      "hash": "54T9ZKoQwLUnFJOFg4AUyGjy/58=",
      "skip": 0
    },
    {
      "type": "SET_OPERATION_SCHEMA",
      "input": {
        "id": "yUV//aHKuKNYol6qcsdlMaHpT6g=",
        "schema": "input UpdatePersonInput {\n  id: ID!\n  firstName: String\n  age: Int\n  height\n}"
      },
      "scope": "global",
      "id": "7c6e1026-76c2-472f-a6ae-6a2284255904",
      "index": 20,
      "timestamp": "2025-03-03T22:22:57.352Z",
      "hash": "gd4Yz+wQBylHFV3ZULF+pFPHDiU=",
      "skip": 0
    },
    {
      "type": "SET_OPERATION_SCHEMA",
      "input": {
        "id": "yUV//aHKuKNYol6qcsdlMaHpT6g=",
        "schema": "input UpdatePersonInput {\n  id: ID!\n  firstName: String\n  age: Int\n  height: Int\n  email: EmailAddress\n  phone: String\n  bio: String\n  gender: Gender\n  \n}"
      },
      "scope": "global",
      "id": "bd5fea52-7b10-4f04-a776-ba299207bafa",
      "index": 21,
      "timestamp": "2025-03-03T22:23:28.702Z",
      "hash": "2R7QDQFilpDV5l9Ba/h3yvvPa0I=",
      "skip": 0
    },
    {
      "type": "SET_OPERATION_SCHEMA",
      "input": {
        "id": "yUV//aHKuKNYol6qcsdlMaHpT6g=",
        "schema": "input UpdatePersonInput {\n  id: ID!\n  firstName: String\n  age: Int\n  height: Int\n  email: EmailAddress\n  phone: String\n  bio: String\n  gender: Gender\n  contactPreference: ContactPreference!\n}"
      },
      "scope": "global",
      "id": "2dd71192-75b0-4d70-8e53-04f98bcdad4e",
      "index": 22,
      "timestamp": "2025-03-03T22:23:50.264Z",
      "hash": "s/tNvzUMiLWiWugfzo3+/GT1jmU=",
      "skip": 0
    },
    {
      "type": "SET_OPERATION_SCHEMA",
      "input": {
        "id": "yUV//aHKuKNYol6qcsdlMaHpT6g=",
        "schema": "input UpdatePersonInput {\n  id: ID!\n  firstName: String\n  age: Int\n  height: Int\n  email: EmailAddress\n  phone: String\n  bio: String\n  gender: Gender\n  contactPreference: ContactPreference\n}"
      },
      "scope": "global",
      "id": "b351386d-b686-49f0-b50f-790f8909c952",
      "index": 23,
      "timestamp": "2025-03-03T23:32:58.697Z",
      "hash": "cBX1Nu5KsfYt1g81NvWedizNxms=",
      "skip": 0
    },
    {
      "type": "SET_STATE_SCHEMA",
      "input": {
        "schema": "type PeopleRegistryExampleState {\n  people: [Person!]!\n}\n\nenum Gender {\n  MALE\n  FEMALE\n  OTHER\n}\n\ntype ContactPreference {\n  receiveNotification: Boolean\n  subscribeToNewsletter: Boolean\n}\n\ntype Person {\n  id: ID!\n  firstName: String!\n  age: Int!\n  height: Int\n  email: EmailAddress!\n  phone: String!\n  bio: String!\n  gender: Gender!\n  contactPreference: ContactPreference!\n  country: \n}",
        "scope": "global"
      },
      "scope": "global",
      "id": "aa99830d-6682-435c-80f9-299af536cdbf",
      "index": 24,
      "timestamp": "2025-03-11T21:01:14.177Z",
      "hash": "ShOIlQf8Gs0DMBoDuu06UbpUgIk=",
      "skip": 0
    },
    {
      "type": "SET_STATE_SCHEMA",
      "input": {
        "schema": "type PeopleRegistryExampleState {\n  people: [Person!]!\n}\n\nenum Gender {\n  MALE\n  FEMALE\n  OTHER\n}\n\ntype ContactPreference {\n  receiveNotification: Boolean\n  subscribeToNewsletter: Boolean\n}\n\ntype Person {\n  id: ID!\n  firstName: String!\n  age: Int!\n  height: Int\n  email: EmailAddress!\n  phone: String!\n  bio: String!\n  gender: Gender!\n  contactPreference: ContactPreference!\n  country: String\n}",
        "scope": "global"
      },
      "scope": "global",
      "id": "9fefaf6c-4907-4ffb-b8d7-18a15d0aebea",
      "index": 25,
      "timestamp": "2025-03-11T21:01:23.656Z",
      "hash": "mdD45fPrOBJibzZmD6z3Xx3prAs=",
      "skip": 0
    },
    {
      "type": "SET_STATE_SCHEMA",
      "input": {
        "schema": "type PeopleRegistryExampleState {\n  people: [Person!]!\n}\n\nenum Gender {\n  MALE\n  FEMALE\n  OTHER\n}\n\ntype ContactPreference {\n  receiveNotification: Boolean\n  subscribeToNewsletter: Boolean\n}\n\ntype Person {\n  id: ID!\n  firstName: String!\n  age: Int!\n  height: Int\n  email: EmailAddress!\n  phone: String!\n  bio: String!\n  gender: Gender!\n  country: String\n  contactPreference: ContactPreference!\n}",
        "scope": "global"
      },
      "scope": "global",
      "id": "38cec846-fc9b-4f0e-93cf-889366028314",
      "index": 26,
      "timestamp": "2025-03-11T21:01:53.855Z",
      "hash": "4VHhNpjPe9n7/Nh8fCtqzNGRIUw=",
      "skip": 0
    },
    {
      "type": "SET_OPERATION_SCHEMA",
      "input": {
        "id": "pjYd9zCFM9HNzkq4ZxprMr0RHUo=",
        "schema": "input AddPersonInput {\n  id: ID!\n  firstName: String!\n  age: Int!\n  height: Int\n  email: EmailAddress!\n  phone: String!\n  bio: String!\n  gender: Gender!\n  country: String\n  contactPreference: ContactPreference!\n}"
      },
      "scope": "global",
      "id": "b3f1dddd-df92-49e0-9438-820fb52719dc",
      "index": 27,
      "timestamp": "2025-03-11T21:02:06.684Z",
      "hash": "B+yPG/1ox2gPOJpwpbe4BxtM8VA=",
      "skip": 0
    },
    {
      "type": "SET_OPERATION_SCHEMA",
      "input": {
        "id": "yUV//aHKuKNYol6qcsdlMaHpT6g=",
        "schema": "input UpdatePersonInput {\n  id: ID!\n  firstName: String\n  age: Int\n  height: Int\n  email: EmailAddress\n  phone: String\n  bio: String\n  gender: Gender\n  country: String\n  contactPreference: ContactPreference\n}"
      },
      "scope": "global",
      "id": "22f45d65-0360-4b5d-af71-1b9090ac76ed",
      "index": 28,
      "timestamp": "2025-03-11T21:02:15.493Z",
      "hash": "IqcTETQR6dfLUMnYSpwA2N+BDeY=",
      "skip": 0
    },
    {
      "type": "SET_MODEL_ID",
      "input": {
        "id": "powerhouse/ui-example"
      },
      "scope": "global",
      "id": "18acaad3-c4d4-4fb7-a39f-aa193b91cb7a",
      "index": 29,
      "timestamp": "2025-04-01T08:27:03.166Z",
      "hash": "MEiW5HLIGtuxwsXG29oqUQ+XJXY=",
      "skip": 0
    },
    {
      "type": "SET_MODEL_EXTENSION",
      "input": {
        "extension": ".phdm"
      },
      "scope": "global",
      "id": "2726f705-971d-4f6c-8239-2064bd3f1d4e",
      "index": 30,
      "timestamp": "2025-04-01T08:27:12.094Z",
      "hash": "iZhq/OAnYyPxNG5+ucXTaS1CXGk=",
      "skip": 0
    },
    {
      "type": "SET_MODEL_DESCRIPTION",
      "input": {
        "description": "This document model is intended to show how the UI components works in a Connect editor."
      },
      "scope": "global",
      "id": "ea317d01-a4e1-449c-9e03-8eeb974268bf",
      "index": 31,
      "timestamp": "2025-04-01T08:28:07.253Z",
      "hash": "qE0670y4plKZ55nYfrDxTPDFj64=",
      "skip": 0
    },
    {
      "type": "SET_STATE_SCHEMA",
      "input": {
        "schema": "type BookRegistryState {\n  people: [Person!]!\n}\n\nenum Gender {\n  MALE\n  FEMALE\n  OTHER\n}\n\ntype ContactPreference {\n  receiveNotification: Boolean\n  subscribeToNewsletter: Boolean\n}\n\ntype Person {\n  id: ID!\n  firstName: String!\n  age: Int!\n  height: Int\n  email: EmailAddress!\n  phone: String!\n  bio: String!\n  gender: Gender!\n  country: String\n  contactPreference: ContactPreference!\n}",
        "scope": "global"
      },
      "scope": "global",
      "id": "8e4f6436-df62-484e-ae51-027317f048be",
      "index": 32,
      "timestamp": "2025-04-01T08:30:17.470Z",
      "hash": "jukjBE48VNiJSu6vNXMGVQ2y72o=",
      "skip": 0
    },
    {
      "type": "SET_STATE_SCHEMA",
      "input": {
        "schema": "type BooksRegistryState {\n  people: [Person!]!\n}\n\nenum Gender {\n  MALE\n  FEMALE\n  OTHER\n}\n\ntype ContactPreference {\n  receiveNotification: Boolean\n  subscribeToNewsletter: Boolean\n}\n\ntype Person {\n  id: ID!\n  firstName: String!\n  age: Int!\n  height: Int\n  email: EmailAddress!\n  phone: String!\n  bio: String!\n  gender: Gender!\n  country: String\n  contactPreference: ContactPreference!\n}",
        "scope": "global"
      },
      "scope": "global",
      "id": "31b2a696-303c-4f4d-9da7-61086e554bb0",
      "index": 33,
      "timestamp": "2025-04-01T08:30:22.799Z",
      "hash": "rR9fmDLjyoVvsJSKSawkA682Fdo=",
      "skip": 0
    },
    {
      "type": "SET_STATE_SCHEMA",
      "input": {
        "schema": "type BooksRegistryState {\n  books: [Book!]!\n}\n\nenum Gender {\n  MALE\n  FEMALE\n  OTHER\n}\n\ntype ContactPreference {\n  receiveNotification: Boolean\n  subscribeToNewsletter: Boolean\n}\n\ntype Person {\n  id: ID!\n  firstName: String!\n  age: Int!\n  height: Int\n  email: EmailAddress!\n  phone: String!\n  bio: String!\n  gender: Gender!\n  country: String\n  contactPreference: ContactPreference!\n}",
        "scope": "global"
      },
      "scope": "global",
      "id": "e680d22e-0295-452f-9e2f-3460e4cd2229",
      "index": 34,
      "timestamp": "2025-04-01T08:30:37.756Z",
      "hash": "P5XYAq4kE9Vy9bxIzKBHFolGtv8=",
      "skip": 0
    },
    {
      "type": "SET_STATE_SCHEMA",
      "input": {
        "schema": "type BooksRegistryState {\n  books: [Book!]!\n}\n\nenum Type {\n  MALE\n  FEMALE\n  OTHER\n}\n\ntype ContactPreference {\n  receiveNotification: Boolean\n  subscribeToNewsletter: Boolean\n}\n\ntype Person {\n  id: ID!\n  firstName: String!\n  age: Int!\n  height: Int\n  email: EmailAddress!\n  phone: String!\n  bio: String!\n  gender: Gender!\n  country: String\n  contactPreference: ContactPreference!\n}",
        "scope": "global"
      },
      "scope": "global",
      "id": "959cbb15-ca2f-441c-8f30-dc01438f027d",
      "index": 35,
      "timestamp": "2025-04-01T08:31:04.161Z",
      "hash": "tVWMtVSyQBA1tQfAWqOirStgOr8=",
      "skip": 0
    },
    {
      "type": "SET_STATE_SCHEMA",
      "input": {
        "schema": "type BooksRegistryState {\n  books: [Book!]!\n}\n\nenum Genre {\n  MALE\n  FEMALE\n  OTHER\n}\n\ntype ContactPreference {\n  receiveNotification: Boolean\n  subscribeToNewsletter: Boolean\n}\n\ntype Person {\n  id: ID!\n  firstName: String!\n  age: Int!\n  height: Int\n  email: EmailAddress!\n  phone: String!\n  bio: String!\n  gender: Gender!\n  country: String\n  contactPreference: ContactPreference!\n}",
        "scope": "global"
      },
      "scope": "global",
      "id": "decfaf1a-b017-4a6f-93e5-ec459c7c8c7a",
      "index": 36,
      "timestamp": "2025-04-01T08:31:35.206Z",
      "hash": "IA4Tncnwsl6Ft8JkCxOXBjDJA4k=",
      "skip": 0
    },
    {
      "type": "SET_STATE_SCHEMA",
      "input": {
        "schema": "type BooksRegistryState {\n  books: [Book!]!\n}\n\nenum Genre {\n  Novel\n  FEMALE\n  OTHER\n}\n\ntype ContactPreference {\n  receiveNotification: Boolean\n  subscribeToNewsletter: Boolean\n}\n\ntype Person {\n  id: ID!\n  firstName: String!\n  age: Int!\n  height: Int\n  email: EmailAddress!\n  phone: String!\n  bio: String!\n  gender: Gender!\n  country: String\n  contactPreference: ContactPreference!\n}",
        "scope": "global"
      },
      "scope": "global",
      "id": "aad5b7d9-8720-4cec-b045-163dba6cfd28",
      "index": 37,
      "timestamp": "2025-04-01T08:32:45.023Z",
      "hash": "FdOsY8Ww40cDXv5/VjGymLivOKQ=",
      "skip": 0
    },
    {
      "type": "SET_STATE_SCHEMA",
      "input": {
        "schema": "type BooksRegistryState {\n  books: [Book!]!\n}\n\nenum Genre {\n  Novel\n  Story\n  OTHER\n}\n\ntype ContactPreference {\n  receiveNotification: Boolean\n  subscribeToNewsletter: Boolean\n}\n\ntype Person {\n  id: ID!\n  firstName: String!\n  age: Int!\n  height: Int\n  email: EmailAddress!\n  phone: String!\n  bio: String!\n  gender: Gender!\n  country: String\n  contactPreference: ContactPreference!\n}",
        "scope": "global"
      },
      "scope": "global",
      "id": "08d48e9b-f211-4734-b4f5-32f9c20bb883",
      "index": 38,
      "timestamp": "2025-04-01T08:32:53.858Z",
      "hash": "B9GZZEOAUJChzw3i0V5sSHgVqNs=",
      "skip": 0
    },
    {
      "type": "SET_STATE_SCHEMA",
      "input": {
        "schema": "type BooksRegistryState {\n  books: [Book!]!\n}\n\nenum Genre {\n  Novel\n  Story\n  Adventure\n  Fiction\n}\n\ntype ContactPreference {\n  receiveNotification: Boolean\n  subscribeToNewsletter: Boolean\n}\n\ntype Person {\n  id: ID!\n  firstName: String!\n  age: Int!\n  height: Int\n  email: EmailAddress!\n  phone: String!\n  bio: String!\n  gender: Gender!\n  country: String\n  contactPreference: ContactPreference!\n}",
        "scope": "global"
      },
      "scope": "global",
      "id": "d45b82f6-3b2b-4f7d-9223-e3333453358b",
      "index": 39,
      "timestamp": "2025-04-01T08:33:04.743Z",
      "hash": "/BrM28DfeHdf+5Gd1xuvPZuiyLo=",
      "skip": 0
    },
    {
      "type": "SET_MODEL_NAME",
      "input": {
        "name": "BooksRegistryExample"
      },
      "scope": "global",
      "id": "b5e16f09-335b-4599-8b75-c67aa17097b1",
      "index": 40,
      "timestamp": "2025-04-01T08:33:37.856Z",
      "hash": "u/n32kzucTOPZ288sL9/0BGZYGw=",
      "skip": 0
    },
    {
      "type": "SET_STATE_SCHEMA",
      "input": {
        "schema": "type BooksRegistryState {\n  books: [Book!]!\n}\n\nenum Genre {\n  Novel\n  Story\n  Adventure\n  Fiction\n}\n\ntype ContactPreference {\n  receiveNotification: Boolean\n  subscribeToNewsletter: Boolean\n}\n\ntype Book {\n  id: ID!\n  firstName: String!\n  age: Int!\n  height: Int\n  email: EmailAddress!\n  phone: String!\n  bio: String!\n  gender: Gender!\n  country: String\n  contactPreference: ContactPreference!\n}",
        "scope": "global"
      },
      "scope": "global",
      "id": "42ac94c6-10d8-42a2-b301-da8a3e4450e5",
      "index": 41,
      "timestamp": "2025-04-01T08:34:58.200Z",
      "hash": "ivyVB04egukcJvi9UwD9WIOGXlw=",
      "skip": 0
    },
    {
      "type": "SET_STATE_SCHEMA",
      "input": {
        "schema": "type BooksRegistryState {\n  books: [Book!]!\n}\n\nenum Genre {\n  Novel\n  Story\n  Adventure\n  Fiction\n}\n\ntype Page {\n  receiveNotification: Boolean\n  subscribeToNewsletter: Boolean\n}\n\ntype Book {\n  id: ID!\n  firstName: String!\n  age: Int!\n  height: Int\n  email: EmailAddress!\n  phone: String!\n  bio: String!\n  gender: Gender!\n  country: String\n  contactPreference: ContactPreference!\n}",
        "scope": "global"
      },
      "scope": "global",
      "id": "ca82ff12-ad11-4531-9078-521338d6ad6c",
      "index": 42,
      "timestamp": "2025-04-01T08:35:45.673Z",
      "hash": "4skwKjgZrpqZrkwiFX7qKknxGEg=",
      "skip": 0
    },
    {
      "type": "SET_STATE_SCHEMA",
      "input": {
        "schema": "type BooksRegistryState {\n  books: [Book!]!\n}\n\nenum Genre {\n  Novel\n  Story\n  Adventure\n  Fiction\n}\n\ntype Page {\n  id: Boolean\n  subscribeToNewsletter: Boolean\n}\n\ntype Book {\n  id: ID!\n  firstName: String!\n  age: Int!\n  height: Int\n  email: EmailAddress!\n  phone: String!\n  bio: String!\n  gender: Gender!\n  country: String\n  contactPreference: ContactPreference!\n}",
        "scope": "global"
      },
      "scope": "global",
      "id": "058a4a61-b521-4c27-9ed6-33a7d87725b8",
      "index": 43,
      "timestamp": "2025-04-01T08:35:57.973Z",
      "hash": "zDZMcrNzPNkf6jA5Qqe1D5KsuAE=",
      "skip": 0
    },
    {
      "type": "SET_STATE_SCHEMA",
      "input": {
        "schema": "type BooksRegistryState {\n  books: [Book!]!\n}\n\nenum Genre {\n  Novel\n  Story\n  Adventure\n  Fiction\n}\n\ntype Page {\n  id: String\n  subscribeToNewsletter: Boolean\n}\n\ntype Book {\n  id: ID!\n  firstName: String!\n  age: Int!\n  height: Int\n  email: EmailAddress!\n  phone: String!\n  bio: String!\n  gender: Gender!\n  country: String\n  contactPreference: ContactPreference!\n}",
        "scope": "global"
      },
      "scope": "global",
      "id": "81f49ef3-ff29-438e-9962-4d61be9a31d7",
      "index": 44,
      "timestamp": "2025-04-01T08:36:15.747Z",
      "hash": "0Bz5IzFh6QBXYOgGXYfZrSwgIi0=",
      "skip": 0
    },
    {
      "type": "SET_STATE_SCHEMA",
      "input": {
        "schema": "type BooksRegistryState {\n  books: [Book!]!\n}\n\nenum Genre {\n  Novel\n  Story\n  Adventure\n  Fiction\n}\n\ntype Page {\n  id: String!\n  subscribeToNewsletter: Boolean\n}\n\ntype Book {\n  id: ID!\n  firstName: String!\n  age: Int!\n  height: Int\n  email: EmailAddress!\n  phone: String!\n  bio: String!\n  gender: Gender!\n  country: String\n  contactPreference: ContactPreference!\n}",
        "scope": "global"
      },
      "scope": "global",
      "id": "eb83c03b-16c0-40a0-905d-8fa2509b18a4",
      "index": 45,
      "timestamp": "2025-04-01T08:36:37.906Z",
      "hash": "0LYBNdgQucUY4ZZmvyfK/ELIAcE=",
      "skip": 0
    },
    {
      "type": "SET_STATE_SCHEMA",
      "input": {
        "schema": "type BooksRegistryState {\n  books: [Book!]!\n}\n\nenum Genre {\n  Novel\n  Story\n  Adventure\n  Fiction\n}\n\ntype Page {\n  id: String!\n  subscribeToNewsletter: Boolean\n}\n\ntype Book {\n  id: String!\n  firstName: String!\n  age: Int!\n  height: Int\n  email: EmailAddress!\n  phone: String!\n  bio: String!\n  gender: Gender!\n  country: String\n  contactPreference: ContactPreference!\n}",
        "scope": "global"
      },
      "scope": "global",
      "id": "63efc5a1-72bb-4b1e-97ed-c43ad1330263",
      "index": 46,
      "timestamp": "2025-04-01T08:36:45.759Z",
      "hash": "6fx42xJk01Y76ymmpDxnobie+vY=",
      "skip": 0
    },
    {
      "type": "SET_STATE_SCHEMA",
      "input": {
        "schema": "type BooksRegistryState {\n  books: [Book!]!\n}\n\nenum Genre {\n  Novel\n  Story\n  Adventure\n  Fiction\n}\n\ntype Page {\n  id: String!\n  subscribeToNewsletter: Boolean\n}\n\ntype Book {\n  id: String!\n  author: String!\n  title: String!\n  age: Int!\n  height: Int\n  email: EmailAddress!\n  phone: String!\n  bio: String!\n  gender: Gender!\n  country: String\n  contactPreference: ContactPreference!\n}",
        "scope": "global"
      },
      "scope": "global",
      "id": "ff5c5368-2516-4575-85bd-3d8ff4396796",
      "index": 47,
      "timestamp": "2025-04-01T08:37:27.737Z",
      "hash": "PvxqH1cT5ub50I9l7xogZ5DOxy0=",
      "skip": 0
    },
    {
      "type": "SET_STATE_SCHEMA",
      "input": {
        "schema": "type BooksRegistryState {\n  books: [Book!]!\n}\n\nenum Genre {\n  Novel\n  Story\n  Adventure\n  Fiction\n}\n\ntype Page {\n  id: String!\n  subscribeToNewsletter: Boolean\n}\n\ntype Author {\n  id: String!\n  subscribeToNewsletter: Boolean\n}\n\ntype Book {\n  id: String!\n  author: String!\n  title: String!\n  age: Int!\n  height: Int\n  email: EmailAddress!\n  phone: String!\n  bio: String!\n  gender: Gender!\n  country: String\n  contactPreference: ContactPreference!\n}",
        "scope": "global"
      },
      "scope": "global",
      "id": "92bd0cef-4a68-49ff-8298-1e042e43ec8e",
      "index": 48,
      "timestamp": "2025-04-01T08:37:58.927Z",
      "hash": "UfrojV6gq5JJ4BNTm4hjBsfn7yU=",
      "skip": 0
    },
    {
      "type": "SET_STATE_SCHEMA",
      "input": {
        "schema": "type BooksRegistryState {\n  books: [Book!]!\n}\n\nenum Genre {\n  Novel\n  Story\n  Adventure\n  Fiction\n}\n\ntype Page {\n  id: String!\n  subscribeToNewsletter: Boolean\n}\n\ntype Author {\n  id: String!\n  name: String!\n  \n  subscribeToNewsletter: Boolean\n}\n\ntype Book {\n  id: String!\n  author: String!\n  title: String!\n  age: Int!\n  height: Int\n  email: EmailAddress!\n  phone: String!\n  bio: String!\n  gender: Gender!\n  country: String\n  contactPreference: ContactPreference!\n}",
        "scope": "global"
      },
      "scope": "global",
      "id": "c4203f67-3585-4c2b-921e-e6d2f5c12ba6",
      "index": 49,
      "timestamp": "2025-04-01T08:38:31.505Z",
      "hash": "7ORIUHeUwt3sb6hdsGYDb0upkAI=",
      "skip": 0
    },
    {
      "type": "SET_STATE_SCHEMA",
      "input": {
        "schema": "type BooksRegistryState {\n  books: [Book!]!\n}\n\nenum Genre {\n  Novel\n  Story\n  Adventure\n  Fiction\n}\n\ntype Page {\n  id: String!\n  subscribeToNewsletter: Boolean\n}\n\ntype Author {\n  id: String!\n  name: String!\n  \n  subscribeToNewsletter: Boolean\n}\n\ntype Book {\n  id: String!\n  author: String!\n  title: String!\n  age: Int!\n  height: Int\n  email: EmailAddress!\n  phone: String!\n  bio: String!\n  genre: Gender!\n  country: String\n  contactPreference: ContactPreference!\n}",
        "scope": "global"
      },
      "scope": "global",
      "id": "3b4aedc6-7ad2-4036-b9fc-5cf6dda19542",
      "index": 50,
      "timestamp": "2025-04-01T08:38:58.654Z",
      "hash": "r8jBOjPpc9fJR/e+fwI1q3QJVz8=",
      "skip": 0
    },
    {
      "type": "SET_STATE_SCHEMA",
      "input": {
        "schema": "type BooksRegistryState {\n  books: [Book!]!\n}\n\nenum Genre {\n  Novel\n  Story\n  Adventure\n  Fiction\n}\n\ntype Page {\n  id: String!\n  subscribeToNewsletter: Boolean\n}\n\ntype Author {\n  id: String!\n  name: String!\n  \n  subscribeToNewsletter: Boolean\n}\n\ntype Book {\n  id: String!\n  author: String!\n  title: String!\n  age: Int!\n  height: Int\n  email: EmailAddress!\n  phone: String!\n  bio: String!\n  genre: Genre!\n  country: String\n  contactPreference: ContactPreference!\n}",
        "scope": "global"
      },
      "scope": "global",
      "id": "fb4fcb80-f4a6-4e25-a01c-83c4f45c9e60",
      "index": 51,
      "timestamp": "2025-04-01T08:39:05.077Z",
      "hash": "F6/Fn1jOopMymZsNoxqtkhhZpQg=",
      "skip": 0
    },
    {
      "type": "SET_STATE_SCHEMA",
      "input": {
        "schema": "type BooksRegistryState {\n  books: [Book!]!\n}\n\nenum Genre {\n  Novel\n  Story\n  Adventure\n  Fiction\n}\n\ntype Page {\n  id: String!\n  subscribeToNewsletter: Boolean\n}\n\ntype Author {\n  id: String!\n  name: String!\n  \n  subscribeToNewsletter: Boolean\n}\n\ntype Book {\n  id: String!\n  author: Author!\n  title: String!\n  age: Int!\n  height: Int\n  email: EmailAddress!\n  phone: String!\n  bio: String!\n  genre: Genre!\n  country: String\n  contactPreference: ContactPreference!\n}",
        "scope": "global"
      },
      "scope": "global",
      "id": "d1c1a93f-cad1-4e60-b9c2-01348be321df",
      "index": 52,
      "timestamp": "2025-04-01T08:40:08.561Z",
      "hash": "vNoLr1sYMMf11mJ5UabMW6NwLJY=",
      "skip": 0
    },
    {
      "type": "SET_STATE_SCHEMA",
      "input": {
        "schema": "type BooksRegistryState {\n  books: [Book!]!\n}\n\nenum Genre {\n  Novel\n  Story\n  Adventure\n  Fiction\n}\n\ntype Page {\n  id: String!\n  subscribeToNewsletter: Boolean\n}\n\ntype Author {\n  id: String!\n  name: String!\n  \n  subscribeToNewsletter: Boolean\n}\n\ntype Book {\n  id: String!\n  title: String!\n  age: Int!\n  height: Int\n  email: EmailAddress!\n  phone: String!\n  bio: String!\n  genre: Genre!\n  country: String\n  contactPreference: ContactPreference!\n}",
        "scope": "global"
      },
      "scope": "global",
      "id": "10f7c06f-e468-47f3-b204-36427f831d41",
      "index": 53,
      "timestamp": "2025-04-01T08:40:26.060Z",
      "hash": "ZaUdH2/1el/WH38uPltFr5hJwhI=",
      "skip": 0
    },
    {
      "type": "SET_STATE_SCHEMA",
      "input": {
        "schema": "type BooksRegistryState {\n  books: [Book!]!\n}\n\nenum Genre {\n  Novel\n  Story\n  Adventure\n  Fiction\n}\n\ntype Page {\n  id: String!\n  subscribeToNewsletter: Boolean\n}\n\ntype Author {\n  id: String!\n  name: String!\n  \n  subscribeToNewsletter: Boolean\n}\n\ntype Book {\n  id: String!\n  title: String!\n  description: String\n  author: Author!\n  age: Int!\n  height: Int\n  email: EmailAddress!\n  phone: String!\n  bio: String!\n  genre: Genre!\n  country: String\n  contactPreference: ContactPreference!\n}",
        "scope": "global"
      },
      "scope": "global",
      "id": "3d49d71d-400f-4696-80a3-5b0a1f749c6d",
      "index": 54,
      "timestamp": "2025-04-01T08:40:45.962Z",
      "hash": "akULLcUszOHpTUQIj/nCCwrJcJc=",
      "skip": 0
    },
    {
      "type": "SET_STATE_SCHEMA",
      "input": {
        "schema": "type BooksRegistryState {\n  books: [Book!]!\n}\n\nenum Genre {\n  Novel\n  Story\n  Adventure\n  Fiction\n}\n\ntype Page {\n  id: String!\n  subscribeToNewsletter: Boolean\n}\n\ntype Author {\n  id: String!\n  name: String!\n  \n  \n  subscribeToNewsletter: Boolean\n}\n\ntype Book {\n  id: String!\n  title: String!\n  description: String\n  author: Author!\n  email: EmailAddress!\n  phone: String!\n  bio: String!\n  genre: Genre!\n  country: String\n  contactPreference: ContactPreference!\n}",
        "scope": "global"
      },
      "scope": "global",
      "id": "f60fecaa-c7e6-4b28-82de-c7f8e74f8776",
      "index": 55,
      "timestamp": "2025-04-01T08:41:15.038Z",
      "hash": "CEzcjK2c1/JMITr0ETkKUVxSKpM=",
      "skip": 0
    },
    {
      "type": "SET_STATE_SCHEMA",
      "input": {
        "schema": "type BooksRegistryState {\n  books: [Book!]!\n}\n\nenum Genre {\n  Novel\n  Story\n  Adventure\n  Fiction\n}\n\ntype Page {\n  id: String!\n  subscribeToNewsletter: Boolean\n}\n\ntype Author {\n  id: String!\n  name: String!\n  age: Int!\n  \n  subscribeToNewsletter: Boolean\n}\n\ntype Book {\n  id: String!\n  title: String!\n  description: String\n  author: Author!\n  email: EmailAddress!\n  phone: String!\n  bio: String!\n  genre: Genre!\n  country: String\n  contactPreference: ContactPreference!\n}",
        "scope": "global"
      },
      "scope": "global",
      "id": "7f1a9cb7-a7ee-437f-b473-82fe8e8d00ea",
      "index": 56,
      "timestamp": "2025-04-01T08:41:22.733Z",
      "hash": "gVNkEULdhgoZDwRor1TEHbKgSic=",
      "skip": 0
    },
    {
      "type": "SET_STATE_SCHEMA",
      "input": {
        "schema": "type BooksRegistryState {\n  books: [Book!]!\n}\n\nenum Genre {\n  Novel\n  Story\n  Adventure\n  Fiction\n}\n\ntype Page {\n  id: String!\n  subscribeToNewsletter: Boolean\n}\n\ntype Author {\n  id: String!\n  name: String!\n  age: Int!\n}\n\ntype Book {\n  id: String!\n  title: String!\n  description: String\n  author: Author!\n  email: EmailAddress!\n  phone: String!\n  bio: String!\n  genre: Genre!\n  country: String\n  contactPreference: ContactPreference!\n}",
        "scope": "global"
      },
      "scope": "global",
      "id": "19bb3f42-e28a-4912-a2ee-97ba3961af64",
      "index": 57,
      "timestamp": "2025-04-01T08:42:10.001Z",
      "hash": "zYUXrJPQVsCQVJHWQP4GLXsF5GM=",
      "skip": 0
    },
    {
      "type": "SET_STATE_SCHEMA",
      "input": {
        "schema": "type BooksRegistryState {\n  books: [Book!]!\n}\n\nenum Genre {\n  Novel\n  Story\n  Adventure\n  Fiction\n}\n\ntype Page {\n  id: String!\n  subscribeToNewsletter: Boolean\n}\n\ntype Author {\n  id: String!\n  name: String!\n  age: Int!\n}\n\ntype Book {\n  id: String!\n  title: String!\n  description: String\n  author: Author!\n  phone: String!\n  bio: String!\n  genre: Genre!\n  country: String\n  contactPreference: ContactPreference!\n}",
        "scope": "global"
      },
      "scope": "global",
      "id": "84fda810-e5fc-4d24-b886-3b8f21aa1242",
      "index": 58,
      "timestamp": "2025-04-01T08:42:43.147Z",
      "hash": "kMSNd1/PPEo26PKylUkV8n5b7bo=",
      "skip": 0
    },
    {
      "type": "SET_STATE_SCHEMA",
      "input": {
        "schema": "type BooksRegistryState {\n  books: [Book!]!\n}\n\nenum Genre {\n  Novel\n  Story\n  Adventure\n  Fiction\n}\n\ntype Page {\n  id: String!\n  subscribeToNewsletter: Boolean\n}\n\ntype Author {\n  id: String!\n  name: String!\n  age: Int!\n  email: EmailAddress!\n}\n\ntype Book {\n  id: String!\n  title: String!\n  description: String\n  author: Author!\n  phone: String!\n  bio: String!\n  genre: Genre!\n  country: String\n  contactPreference: ContactPreference!\n}",
        "scope": "global"
      },
      "scope": "global",
      "id": "54b0cc93-8c14-4cb9-a88d-39f30c5db4fe",
      "index": 59,
      "timestamp": "2025-04-01T08:43:45.377Z",
      "hash": "tY7rr38A2XeQAWA0d5AkO11/qGk=",
      "skip": 0
    },
    {
      "type": "SET_STATE_SCHEMA",
      "input": {
        "schema": "type BooksRegistryState {\n  books: [Book!]!\n}\n\nenum Genre {\n  Novel\n  Story\n  Adventure\n  Fiction\n}\n\ntype Page {\n  id: String!\n  subscribeToNewsletter: Boolean\n}\n\ntype Author {\n  id: String!\n  name: String!\n  age: Int!\n  email: EmailAddress!\n  \n}\n\ntype Book {\n  id: String!\n  title: String!\n  description: String\n  author: Author!\n  bio: String!\n  genre: Genre!\n  country: String\n  contactPreference: ContactPreference!\n}",
        "scope": "global"
      },
      "scope": "global",
      "id": "e36ad1ce-e0aa-4145-a4e4-e406da3c81a2",
      "index": 60,
      "timestamp": "2025-04-01T08:44:01.675Z",
      "hash": "gcVAodDOtVr9Eo2zfuBBa4+1G60=",
      "skip": 0
    },
    {
      "type": "SET_STATE_SCHEMA",
      "input": {
        "schema": "type BooksRegistryState {\n  books: [Book!]!\n}\n\nenum Genre {\n  Novel\n  Story\n  Adventure\n  Fiction\n}\n\ntype Page {\n  id: String!\n  subscribeToNewsletter: Boolean\n}\n\ntype Author {\n  id: String!\n  name: String!\n  age: Int!\n  email: EmailAddress!\n  phone: String!\n}\n\ntype Book {\n  id: String!\n  title: String!\n  description: String\n  author: Author!\n  bio: String!\n  genre: Genre!\n  country: String\n  contactPreference: ContactPreference!\n}",
        "scope": "global"
      },
      "scope": "global",
      "id": "da0d9937-8ce6-47f3-b6e3-cbbc91c55ea3",
      "index": 61,
      "timestamp": "2025-04-01T08:44:10.248Z",
      "hash": "ba3VPOW/R9FeEYD9ivrTIvn5Kr8=",
      "skip": 0
    },
    {
      "type": "SET_STATE_SCHEMA",
      "input": {
        "schema": "type BooksRegistryState {\n  books: [Book!]!\n}\n\nenum Genre {\n  Novel\n  Story\n  Adventure\n  Fiction\n}\n\ntype Page {\n  id: String!\n  subscribeToNewsletter: Boolean\n}\n\ntype Author {\n  id: String!\n  name: String!\n  age: Int!\n  email: EmailAddress\n  phone: String\n}\n\ntype Book {\n  id: String!\n  title: String!\n  description: String\n  author: Author!\n  bio: String!\n  genre: Genre!\n  country: String\n  contactPreference: ContactPreference!\n}",
        "scope": "global"
      },
      "scope": "global",
      "id": "21960541-c60f-402d-89b0-91a442610851",
      "index": 62,
      "timestamp": "2025-04-01T08:44:19.606Z",
      "hash": "3r4Jm/lUzxDZychbGkCU7Aybxhk=",
      "skip": 0
    },
    {
      "type": "SET_STATE_SCHEMA",
      "input": {
        "schema": "type BooksRegistryState {\n  books: [Book!]!\n}\n\nenum Genre {\n  Novel\n  Story\n  Adventure\n  Fiction\n}\n\ntype Page {\n  id: String!\n  subscribeToNewsletter: Boolean\n}\n\ntype Author {\n  id: String!\n  name: String!\n  age: Int!\n  \n  email: EmailAddress\n  phone: String\n}\n\ntype Book {\n  id: String!\n  title: String!\n  description: String\n  author: Author!\n  genre: Genre!\n  country: String\n  contactPreference: ContactPreference!\n}",
        "scope": "global"
      },
      "scope": "global",
      "id": "cfc973a1-5196-44e9-afd5-da273bde8f6b",
      "index": 63,
      "timestamp": "2025-04-01T08:44:52.870Z",
      "hash": "ffOO0zqbiURrAYZWw9iL93fYYnY=",
      "skip": 0
    },
    {
      "type": "SET_STATE_SCHEMA",
      "input": {
        "schema": "type BooksRegistryState {\n  books: [Book!]!\n}\n\nenum Genre {\n  Novel\n  Story\n  Adventure\n  Fiction\n}\n\ntype Page {\n  id: String!\n  subscribeToNewsletter: Boolean\n}\n\ntype Author {\n  id: String!\n  name: String!\n  age: Int!\n  bio: String\n  email: EmailAddress\n  phone: String\n}\n\ntype Book {\n  id: String!\n  title: String!\n  description: String\n  author: Author!\n  genre: Genre!\n  country: String\n  contactPreference: ContactPreference!\n}",
        "scope": "global"
      },
      "scope": "global",
      "id": "6faaddc6-e347-4abb-ab9e-e9b0d3c21783",
      "index": 64,
      "timestamp": "2025-04-01T08:45:01.288Z",
      "hash": "SCR/I0NdEdJ+Se3JE49e6lc/na4=",
      "skip": 0
    },
    {
      "type": "SET_STATE_SCHEMA",
      "input": {
        "schema": "type BooksRegistryState {\n  books: [Book!]!\n}\n\nenum Genre {\n  Novel\n  Story\n  Adventure\n  Fiction\n}\n\ntype Page {\n  id: String!\n  subscribeToNewsletter: Boolean\n}\n\ntype Author {\n  id: String!\n  name: String!\n  age: Int!\n  \n  bio: String\n  email: EmailAddress\n  phone: String\n}\n\ntype Book {\n  id: String!\n  title: String!\n  description: String\n  author: Author!\n  genre: Genre!\n  contactPreference: ContactPreference!\n}",
        "scope": "global"
      },
      "scope": "global",
      "id": "038044b9-567f-40e1-8cbc-7384176a865c",
      "index": 65,
      "timestamp": "2025-04-01T08:46:14.309Z",
      "hash": "PKNd5bQPfx0V3roeRZAF4W9DfD8=",
      "skip": 0
    },
    {
      "type": "SET_STATE_SCHEMA",
      "input": {
        "schema": "type BooksRegistryState {\n  books: [Book!]!\n}\n\nenum Genre {\n  Novel\n  Story\n  Adventure\n  Fiction\n}\n\ntype Page {\n  id: String!\n  subscribeToNewsletter: Boolean\n}\n\ntype Author {\n  id: String!\n  name: String!\n  age: Int!\n  country: String!\n  bio: String\n  email: EmailAddress\n  phone: String\n}\n\ntype Book {\n  id: String!\n  title: String!\n  description: String\n  author: Author!\n  genre: Genre!\n  contactPreference: ContactPreference!\n}",
        "scope": "global"
      },
      "scope": "global",
      "id": "a3fe14e7-a4a8-4e1d-967a-3b668cb019df",
      "index": 66,
      "timestamp": "2025-04-01T08:46:22.509Z",
      "hash": "nKzwiIdRrF3lbBlySsk0vHQces4=",
      "skip": 0
    },
    {
      "type": "SET_STATE_SCHEMA",
      "input": {
        "schema": "type BooksRegistryState {\n  books: [Book!]!\n}\n\nenum Genre {\n  Novel\n  Story\n  Adventure\n  Fiction\n}\n\ntype Page {\n  id: String!\n  subscribeToNewsletter: Boolean\n}\n\ntype Author {\n  id: String!\n  name: String!\n  age: Int!\n  country: String!\n  bio: String\n  email: EmailAddress\n  phone: String\n}\n\ntype Book {\n  id: String!\n  title: String!\n  description: String\n  genre: Genre!\n  \n  contactPreference: ContactPreference!\n}",
        "scope": "global"
      },
      "scope": "global",
      "id": "5b8fb9df-9bf2-48c6-9f51-c19412d8ffc2",
      "index": 67,
      "timestamp": "2025-04-01T08:46:52.831Z",
      "hash": "516cv+0GUNKkcuOnv3lStwmLqKg=",
      "skip": 0
    },
    {
      "type": "SET_STATE_SCHEMA",
      "input": {
        "schema": "type BooksRegistryState {\n  books: [Book!]!\n}\n\nenum Genre {\n  Novel\n  Story\n  Adventure\n  Fiction\n}\n\ntype Page {\n  id: String!\n  subscribeToNewsletter: Boolean\n}\n\ntype Author {\n  id: String!\n  name: String!\n  age: Int!\n  country: String!\n  bio: String\n  email: EmailAddress\n  phone: String\n}\n\ntype Book {\n  id: String!\n  title: String!\n  description: String\n  genre: Genre!\n  author: Author!\n  contactPreference: ContactPreference!\n}",
        "scope": "global"
      },
      "scope": "global",
      "id": "9ae75529-6ebe-4c4c-a681-c17d5f2dae42",
      "index": 68,
      "timestamp": "2025-04-01T08:46:58.769Z",
      "hash": "JtJD/w7Fjw8VjUCosyb9vrW9Wx8=",
      "skip": 0
    },
    {
      "type": "SET_STATE_SCHEMA",
      "input": {
        "schema": "type BooksRegistryState {\n  books: [Book!]!\n}\n\nenum Genre {\n  Novel\n  Story\n  Adventure\n  Fiction\n}\n\ntype Page {\n  id: String!\n  subscribeToNewsletter: Boolean\n}\n\ntype Author {\n  id: String!\n  name: String!\n  age: Int!\n  country: String!\n  bio: String\n  email: EmailAddress\n  phone: String\n}\n\ntype Book {\n  id: String!\n  title: String!\n  description: String\n  genre: Genre!\n  author: Author!\n}",
        "scope": "global"
      },
      "scope": "global",
      "id": "b48ce34b-6888-41dc-a3d1-3888d5e3c2f4",
      "index": 69,
      "timestamp": "2025-04-01T08:47:18.985Z",
      "hash": "VED93Y7aULXFaib7QF8RFkIbSzo=",
      "skip": 0
    },
    {
      "type": "SET_STATE_SCHEMA",
      "input": {
        "schema": "type BooksRegistryState {\n  books: [Book!]!\n}\n\nenum Genre {\n  Novel\n  Story\n  Adventure\n  Fiction\n}\n\ntype Page {\n  id: String!\n  subscribeToNewsletter: Boolean\n}\n\ntype Author {\n  id: String!\n  name: String!\n  age: Int!\n  country: String!\n  bio: String\n  email: EmailAddress\n  phone: String\n}\n\ntype Book {\n  id: String!\n  title: String!\n  description: String\n  genre: Genre!\n  author: Author!\n  pages:\n}",
        "scope": "global"
      },
      "scope": "global",
      "id": "dd7ce339-d560-4296-bc59-4b86975ad8e0",
      "index": 70,
      "timestamp": "2025-04-01T08:48:10.329Z",
      "hash": "jNb/zetbgCc3FK4w05cR9Ml3GBU=",
      "skip": 0
    },
    {
      "type": "SET_STATE_SCHEMA",
      "input": {
        "schema": "type BooksRegistryState {\n  books: [Book!]!\n}\n\nenum Genre {\n  Novel\n  Story\n  Adventure\n  Fiction\n}\n\ntype Page {\n  id: String!\n  subscribeToNewsletter: Boolean\n}\n\ntype Author {\n  id: String!\n  name: String!\n  age: Int!\n  country: String!\n  bio: String\n  email: EmailAddress\n  phone: String\n}\n\ntype Book {\n  id: String!\n  title: String!\n  description: String\n  genre: Genre!\n  author: Author!\n  pages: [Page!]\n}",
        "scope": "global"
      },
      "scope": "global",
      "id": "cb817cab-9707-4cb6-a01f-00327d5b9bdd",
      "index": 71,
      "timestamp": "2025-04-01T08:48:23.753Z",
      "hash": "mGjWsBoMBqhWUA78ql6hhyZZFJ4=",
      "skip": 0
    },
    {
      "type": "SET_STATE_SCHEMA",
      "input": {
        "schema": "type BooksRegistryState {\n  books: [Book!]!\n}\n\nenum Genre {\n  Novel\n  Story\n  Adventure\n  Fiction\n}\n\ntype Page {\n  id: String!\n  subscribeToNewsletter: Boolean\n}\n\ntype Author {\n  id: String!\n  name: String!\n  age: Int!\n  country: String!\n  bio: String\n  email: EmailAddress\n  phone: String\n}\n\ntype Book {\n  id: String!\n  title: String!\n  description: String\n  genre: Genre!\n  author: Author!\n  pages: [Page!]!\n}",
        "scope": "global"
      },
      "scope": "global",
      "id": "b9150d99-5de2-427e-a4d3-fa37d313dc4c",
      "index": 72,
      "timestamp": "2025-04-01T08:49:18.837Z",
      "hash": "+fyM/0uPd+215ECmeoBsYIbiqlI=",
      "skip": 0
    },
    {
      "type": "SET_STATE_SCHEMA",
      "input": {
        "schema": "type BooksRegistryState {\n  books: [Book!]!\n}\n\nenum Genre {\n  Novel\n  Story\n  Adventure\n  Fiction\n}\n\ntype Page {\n  id: String!\n  read: Boolean\n}\n\ntype Author {\n  id: String!\n  name: String!\n  age: Int!\n  country: String!\n  bio: String\n  email: EmailAddress\n  phone: String\n}\n\ntype Book {\n  id: String!\n  title: String!\n  description: String\n  genre: Genre!\n  author: Author!\n  pages: [Page!]!\n}",
        "scope": "global"
      },
      "scope": "global",
      "id": "77a3d2c5-693a-4256-9157-bb81a130d834",
      "index": 73,
      "timestamp": "2025-04-01T08:50:10.286Z",
      "hash": "gBErtb5b1DgmPU9E2d65uUB8v60=",
      "skip": 0
    },
    {
      "type": "SET_STATE_SCHEMA",
      "input": {
        "schema": "type BooksRegistryState {\n  books: [Book!]!\n}\n\nenum Genre {\n  Novel\n  Story\n  Adventure\n  Fiction\n}\n\ntype Page {\n  id: String!\n  isRead: Boolean\n}\n\ntype Author {\n  id: String!\n  name: String!\n  age: Int!\n  country: String!\n  bio: String\n  email: EmailAddress\n  phone: String\n}\n\ntype Book {\n  id: String!\n  title: String!\n  description: String\n  genre: Genre!\n  author: Author!\n  pages: [Page!]!\n}",
        "scope": "global"
      },
      "scope": "global",
      "id": "78f94b0a-1e4b-4a9f-8614-70d9a349a8f6",
      "index": 74,
      "timestamp": "2025-04-01T08:51:30.468Z",
      "hash": "VPjhF9BLCJxjhIpHxPwZDn1EtRs=",
      "skip": 0
    },
    {
      "type": "SET_STATE_SCHEMA",
      "input": {
        "schema": "type BooksRegistryState {\n  books: [Book!]!\n}\n\nenum Genre {\n  Novel\n  Story\n  Adventure\n  Fiction\n}\n\ntype Page {\n  id: String!\n  isReady: Boolean\n}\n\ntype Author {\n  id: String!\n  name: String!\n  age: Int!\n  country: String!\n  bio: String\n  email: EmailAddress\n  phone: String\n}\n\ntype Book {\n  id: String!\n  title: String!\n  description: String\n  genre: Genre!\n  author: Author!\n  pages: [Page!]!\n}",
        "scope": "global"
      },
      "scope": "global",
      "id": "dd4620fd-5e34-4757-8bd5-4f176b559b6b",
      "index": 75,
      "timestamp": "2025-04-01T08:53:05.131Z",
      "hash": "FfeSltonx5g7qzfTPLP3wb9tDXs=",
      "skip": 0
    },
    {
      "type": "SET_STATE_SCHEMA",
      "input": {
        "schema": "type BooksRegistryState {\n  books: [Book!]!\n}\n\nenum Genre {\n  Novel\n  Story\n  Adventure\n  Fiction\n}\n\ntype Page {\n  id: String!\n  number: Int!\n  isReady: Boolean\n}\n\ntype Author {\n  id: String!\n  name: String!\n  age: Int!\n  country: String!\n  bio: String\n  email: EmailAddress\n  phone: String\n}\n\ntype Book {\n  id: String!\n  title: String!\n  description: String\n  genre: Genre!\n  author: Author!\n  pages: [Page!]!\n}",
        "scope": "global"
      },
      "scope": "global",
      "id": "3d329da2-b49d-4348-9c47-06468332cda8",
      "index": 76,
      "timestamp": "2025-04-01T08:53:54.701Z",
      "hash": "NtjZkWLfAAVM6zDCwql+LgsOxpI=",
      "skip": 0
    },
    {
      "type": "SET_STATE_SCHEMA",
      "input": {
        "schema": "type BooksRegistryState {\n  books: [Book!]!\n}\n\nenum Genre {\n  Novel\n  Story\n  Adventure\n  Fiction\n}\n\ntype Page {\n  id: String!\n  number: Int!\n  isRead: Boolean\n}\n\ntype Author {\n  id: String!\n  name: String!\n  age: Int!\n  country: String!\n  bio: String\n  email: EmailAddress\n  phone: String\n}\n\ntype Book {\n  id: String!\n  title: String!\n  description: String\n  genre: Genre!\n  author: Author!\n  pages: [Page!]!\n}",
        "scope": "global"
      },
      "scope": "global",
      "id": "9fee5ecd-5b02-4ae2-a9a6-6b9910685d9c",
      "index": 77,
      "timestamp": "2025-04-01T08:54:02.111Z",
      "hash": "Qd5Lbbq9KEiqGqIMxfmJWN1ukeQ=",
      "skip": 0
    },
    {
      "type": "SET_STATE_SCHEMA",
      "input": {
        "schema": "type BooksRegistryState {\n  books: [Book!]!\n}\n\nenum Genre {\n  Novel\n  Story\n  Adventure\n  Fiction\n}\n\ntype Page {\n  id: String!\n  number: Int!\n  read: Boolean\n}\n\ntype Author {\n  id: String!\n  name: String!\n  age: Int!\n  country: String!\n  bio: String\n  email: EmailAddress\n  phone: String\n}\n\ntype Book {\n  id: String!\n  title: String!\n  description: String\n  genre: Genre!\n  author: Author!\n  pages: [Page!]!\n}",
        "scope": "global"
      },
      "scope": "global",
      "id": "c6e0b18d-a7ca-4443-be01-b16c17abcbfd",
      "index": 78,
      "timestamp": "2025-04-01T08:54:24.805Z",
      "hash": "wNqWg/31F1NTAIvAAKtmbkySlB0=",
      "skip": 0
    },
    {
      "type": "SET_STATE_SCHEMA",
      "input": {
        "schema": "type BooksRegistryState {\n  books: [Book!]!\n}\n\nenum Genre {\n  Novel\n  Story\n  Adventure\n  Fiction\n}\n\ntype Page {\n  id: String!\n  number: Int!\n  hasBeenRead: Boolean\n}\n\ntype Author {\n  id: String!\n  name: String!\n  age: Int!\n  country: String!\n  bio: String\n  email: EmailAddress\n  phone: String\n}\n\ntype Book {\n  id: String!\n  title: String!\n  description: String\n  genre: Genre!\n  author: Author!\n  pages: [Page!]!\n}",
        "scope": "global"
      },
      "scope": "global",
      "id": "06e8d194-5dda-4dcc-9d26-940454d9759e",
      "index": 79,
      "timestamp": "2025-04-01T08:55:42.377Z",
      "hash": "IKUD20cteRTcrTKb7Va+XewIgwM=",
      "skip": 0
    },
    {
      "type": "SET_INITIAL_STATE",
      "input": {
        "initialValue": "{\n  \"books\": []\n}",
        "scope": "global"
      },
      "scope": "global",
      "id": "dac0435b-3f67-469a-8516-2567b07f3516",
      "index": 80,
      "timestamp": "2025-04-01T09:05:00.251Z",
      "hash": "oep+e58d+v/P/esMOfxFxyAfdb0=",
      "skip": 0
    },
    {
      "type": "SET_STATE_SCHEMA",
      "input": {
        "schema": "type BooksRegistryExampleState {\n  books: [Book!]!\n}\n\nenum Genre {\n  Novel\n  Story\n  Adventure\n  Fiction\n}\n\ntype Page {\n  id: String!\n  number: Int!\n  hasBeenRead: Boolean\n}\n\ntype Author {\n  id: String!\n  name: String!\n  age: Int!\n  country: String!\n  bio: String\n  email: EmailAddress\n  phone: String\n}\n\ntype Book {\n  id: String!\n  title: String!\n  description: String\n  genre: Genre!\n  author: Author!\n  pages: [Page!]!\n}",
        "scope": "global"
      },
      "scope": "global",
      "id": "fa596aa0-7a9a-452c-8616-56a98c4015f6",
      "index": 81,
      "timestamp": "2025-04-01T09:05:52.023Z",
      "hash": "vJ+x/WJHvxRDjB1SXOYZ3ZwQCxQ=",
      "skip": 0
    },
    {
      "type": "SET_STATE_SCHEMA",
      "input": {
        "schema": "type BooksRegistryExampleState {\n  books: [Book!]!\n}\n\nenum Genre {\n  Novel\n  Story\n  Adventure\n  Fiction\n}\n\ntype Page {\n  id: String!\n  number: Int\n  hasBeenRead: Boolean\n}\n\ntype Author {\n  id: String!\n  name: String!\n  age: Int!\n  country: String!\n  bio: String\n  email: EmailAddress\n  phone: String\n}\n\ntype Book {\n  id: String!\n  title: String!\n  description: String\n  genre: Genre!\n  author: Author!\n  pages: [Page!]!\n}",
        "scope": "global"
      },
      "scope": "global",
      "id": "e45fb5a8-bd30-41fd-9a99-c2affd59e830",
      "index": 82,
      "timestamp": "2025-04-01T09:08:07.232Z",
      "hash": "Im5mexX7SbrrccrCPM8QoPhZDSc=",
      "skip": 0
    },
    {
      "type": "SET_STATE_SCHEMA",
      "input": {
        "schema": "type BooksRegistryExampleState {\n  books: [Book!]!\n}\n\nenum Genre {\n  Novel\n  Story\n  Adventure\n  Fiction\n}\n\ntype Page {\n  id: String!\n  number: Int\n  hasBeenRead: Boolean\n}\n\ntype Author {\n  id: String!\n  name: String\n  age: Int\n  country: String\n  bio: String\n  email: EmailAddress\n  phone: String\n}\n\ntype Book {\n  id: String!\n  title: String\n  description: String\n  genre: Genre\n  author: Author\n  pages: [Page!]!\n}",
        "scope": "global"
      },
      "scope": "global",
      "id": "a9558ab9-5dac-4114-a4a1-6c6003d63c76",
      "index": 83,
      "timestamp": "2025-04-01T09:08:23.870Z",
      "hash": "VHXF//xg4SP9FwYI4IafUUTeroI=",
      "skip": 0
    },
    {
      "type": "SET_STATE_SCHEMA",
      "input": {
        "schema": "type BooksRegistryExampleState {\n  books: [Book!]!\n}\n\nenum Genre {\n  Novel\n  Story\n  Adventure\n  Fiction\n}\n\ntype Page {\n  id: String!\n  number: Int\n  hasBeenRead: Boolean\n}\n\ntype Author {\n  id: String!\n  name: String\n  age: Int\n  country: String\n  bio: String\n  email: EmailAddress\n  phone: String\n}\n\ntype Book {\n  id: String!\n  title: String\n  description: String\n  genre: Genre\n  author: Author\n  pages: [Page!]\n}",
        "scope": "global"
      },
      "scope": "global",
      "id": "83844733-9466-4e77-9a34-34ca926dc04f",
      "index": 84,
      "timestamp": "2025-04-01T09:08:29.044Z",
      "hash": "Qmij7CiFy2ZynxzSeoi6pS1CTcU=",
      "skip": 0
    },
    {
      "type": "SET_MODULE_NAME",
      "input": {
        "id": "QrqLx1WZub0/KEuWjXgpriEk1zc=",
        "name": "books_registry"
      },
      "scope": "global",
      "id": "ed82ff67-5583-439c-884d-9c0331a1c56f",
      "index": 85,
      "timestamp": "2025-04-01T09:09:41.435Z",
      "hash": "c0FpQ6T224A+lL8b1lnmY9wSfO4=",
      "skip": 0
    },
    {
      "type": "SET_OPERATION_NAME",
      "input": {
        "id": "pjYd9zCFM9HNzkq4ZxprMr0RHUo=",
        "name": "ADD_BOOK"
      },
      "scope": "global",
      "id": "346edfa1-992f-4ce8-99ba-a45f1cebf1b2",
      "index": 86,
      "timestamp": "2025-04-01T09:09:48.539Z",
      "hash": "6TrocxODVmg67cuM68/WxwWauj8=",
      "skip": 0
    },
    {
      "type": "SET_OPERATION_NAME",
      "input": {
        "id": "KZlDdu6yNjxNobs3DfLV9BgDOl8=",
        "name": "REMOVE_BOOK"
      },
      "scope": "global",
      "id": "ab3675d1-ae84-4989-8a61-e47366009d6e",
      "index": 87,
      "timestamp": "2025-04-01T09:10:05.149Z",
      "hash": "CSojWHfCLcIYiENQMX394eE5UlA=",
      "skip": 0
    },
    {
      "type": "SET_OPERATION_NAME",
      "input": {
        "id": "yUV//aHKuKNYol6qcsdlMaHpT6g=",
        "name": "UPDATE_BOOK"
      },
      "scope": "global",
      "id": "9b171ed2-ebac-4a01-af00-05216e67b1a0",
      "index": 88,
      "timestamp": "2025-04-01T09:10:17.737Z",
      "hash": "8LXPIWN10y6eOGswKD7tebg3vX0=",
      "skip": 0
    },
    {
      "type": "SET_OPERATION_SCHEMA",
      "input": {
        "id": "KZlDdu6yNjxNobs3DfLV9BgDOl8=",
        "schema": "input RemoveBookInput {\n  id: String!\n}"
      },
      "scope": "global",
      "id": "99b6ba72-5f5f-414b-9fb1-4607fe5465aa",
      "index": 89,
      "timestamp": "2025-04-01T09:10:35.642Z",
      "hash": "RoFcZUHu7ThBCel+qdq1/ecDqJc=",
      "skip": 0
    },
    {
      "type": "SET_OPERATION_SCHEMA",
      "input": {
        "id": "yUV//aHKuKNYol6qcsdlMaHpT6g=",
        "schema": "input UpdateBookInput {\n  id: ID!\n  firstName: String\n  age: Int\n  height: Int\n  email: EmailAddress\n  phone: String\n  bio: String\n  gender: Gender\n  country: String\n  contactPreference: ContactPreference\n}"
      },
      "scope": "global",
      "id": "0b1c180d-0d21-49e4-a54e-0b13ed2c7381",
      "index": 90,
      "timestamp": "2025-04-01T09:10:53.835Z",
      "hash": "qEVta4vGmHTpQtswF5dX6BelaUQ=",
      "skip": 0
    },
    {
      "type": "SET_OPERATION_SCHEMA",
      "input": {
        "id": "pjYd9zCFM9HNzkq4ZxprMr0RHUo=",
        "schema": "input AddBookInput {\n  id: ID!\n  firstName: String!\n  age: Int!\n  height: Int\n  email: EmailAddress!\n  phone: String!\n  bio: String!\n  gender: Gender!\n  country: String\n  contactPreference: ContactPreference!\n}"
      },
      "scope": "global",
      "id": "6c9a3859-43c1-4584-9f2f-138f4b7a5554",
      "index": 91,
      "timestamp": "2025-04-01T09:11:02.617Z",
      "hash": "Uo+Srkz+npJJK4miZ9V8Ff16LtM=",
      "skip": 0
    },
    {
      "type": "SET_OPERATION_SCHEMA",
      "input": {
        "id": "pjYd9zCFM9HNzkq4ZxprMr0RHUo=",
        "schema": "input AddBookInput {\n  id: String!\n  firstName: String!\n  age: Int!\n  height: Int\n  email: EmailAddress!\n  phone: String!\n  bio: String!\n  gender: Gender!\n  country: String\n  contactPreference: ContactPreference!\n}"
      },
      "scope": "global",
      "id": "b44cf1c4-f90b-4848-b4f0-e71dc4aa7ced",
      "index": 92,
      "timestamp": "2025-04-01T09:11:10.804Z",
      "hash": "hW/UYKPJsmE62JbpYzWY2TzM8rw=",
      "skip": 0
    },
    {
      "type": "SET_OPERATION_SCHEMA",
      "input": {
        "id": "yUV//aHKuKNYol6qcsdlMaHpT6g=",
        "schema": "input UpdateBookInput {\n  id: String!\n  firstName: String\n  age: Int\n  height: Int\n  email: EmailAddress\n  phone: String\n  bio: String\n  gender: Gender\n  country: String\n  contactPreference: ContactPreference\n}"
      },
      "scope": "global",
      "id": "07de0d4a-35ba-49a9-83bc-9217451b203c",
      "index": 93,
      "timestamp": "2025-04-01T09:11:18.152Z",
      "hash": "oNk56qH6NVAKfkE7y5XuQ+SyLgg=",
      "skip": 0
    },
    {
      "type": "SET_OPERATION_SCHEMA",
      "input": {
        "id": "pjYd9zCFM9HNzkq4ZxprMr0RHUo=",
        "schema": "input AddBookInput {\n  id: String!\n  title: String\n  description: String\n  genre: Genre\n  author: Author\n  pages: [Page!]\n}"
      },
      "scope": "global",
      "id": "66a0412c-b9af-43f3-b2a6-07997b46c3dc",
      "index": 94,
      "timestamp": "2025-04-01T09:11:39.078Z",
      "hash": "vsHWy0NMvadBYO3KOHjn5PuafJ4=",
      "skip": 0
    },
    {
      "type": "SET_OPERATION_SCHEMA",
      "input": {
        "id": "yUV//aHKuKNYol6qcsdlMaHpT6g=",
        "schema": "input UpdateBookInput {\n  id: String!\n  title: String\n  description: String\n  genre: Genre\n  author: Author\n  pages: [Page!]\n}"
      },
      "scope": "global",
      "id": "9ec17bc8-d8b1-4956-8dba-8ae7cc74fd4f",
      "index": 95,
      "timestamp": "2025-04-01T09:12:56.273Z",
      "hash": "ywIZhg0plxo6p3LTq88pMVLxcQM=",
      "skip": 0
    }
  ],
  "local": []
}