{
  "global": [
    {
      "type": "SET_MODEL_NAME",
      "input": {
        "name": "PeopleRegistryExample"
      },
      "scope": "global",
      "id": "765d72aa-0dfc-420f-9f9b-77bd871e23dd",
      "index": 0,
      "timestamp": "2025-03-01T23:15:35.325Z",
      "hash": "vuppe1nQ66+x/Ria5fmqcyiifRs=",
      "skip": 0
    },
    {
      "type": "SET_STATE_SCHEMA",
      "input": {
        "schema": "type PeopleRegistryExampleState {\n  \"Add your global state fields here\"\n  _placeholder: String\n}",
        "scope": "global"
      },
      "scope": "global",
      "id": "eca20a6d-3324-45aa-bf68-a5f17c20793f",
      "index": 1,
      "timestamp": "2025-03-01T23:15:35.325Z",
      "hash": "n34DbAMN8aOogikeeSEUlL+f9nU=",
      "skip": 0
    },
    {
      "type": "SET_STATE_SCHEMA",
      "input": {
        "schema": "type PeopleRegistryExampleState {\n  people: [People!]!\n}\n\nenum Gender {\n  MALE\n  FEMALE\n  OTHER\n}\n\ntype ContactPreference {\n  receiveNotification: Boolean\n  subscribeToNewsletter: Boolean\n}\n\ntype People {\n  id: ID!\n  firstName: String!\n  age: Int!\n  height: Int\n  email: EmailAddress!\n  phone: String!\n  bio: String!\n  gender: Gender!\n  contactPreference: ContactPreference!\n}",
        "scope": "global"
      },
      "scope": "global",
      "id": "b27104b1-5d6d-4574-a1dc-1a5530aef9d6",
      "index": 2,
      "timestamp": "2025-03-01T23:15:44.311Z",
      "hash": "xOvU4F3bZyGmjLVICLlTF/EOLZA=",
      "skip": 0
    },
    {
      "type": "ADD_MODULE",
      "input": {
        "id": "QrqLx1WZub0/KEuWjXgpriEk1zc=",
        "name": "people_registry"
      },
      "scope": "global",
      "id": "1727581a-3369-4926-bc52-a023d6c5802f",
      "index": 3,
      "timestamp": "2025-03-01T23:15:52.613Z",
      "hash": "03eclFY+rC2X+/nwcZuZFztvkbY=",
      "skip": 0
    },
    {
      "type": "ADD_OPERATION",
      "input": {
        "id": "pjYd9zCFM9HNzkq4ZxprMr0RHUo=",
        "moduleId": "QrqLx1WZub0/KEuWjXgpriEk1zc=",
        "name": "ADD_PERSON"
      },
      "scope": "global",
      "id": "ccac5d8b-1b91-4275-93d8-4be4b954d79d",
      "index": 4,
      "timestamp": "2025-03-01T23:15:57.527Z",
      "hash": "hQDFBtquT8hYnW5AvYY6pYbsXGU=",
      "skip": 0
    },
    {
      "type": "SET_OPERATION_SCHEMA",
      "input": {
        "id": "pjYd9zCFM9HNzkq4ZxprMr0RHUo=",
        "schema": "input AddPersonInput {\n  \"Add your inputs here\"\n  _placeholder: String\n}"
      },
      "scope": "global",
      "id": "e257958a-8c49-4378-bab9-3a4f9b9214af",
      "index": 5,
      "timestamp": "2025-03-01T23:15:57.563Z",
      "hash": "yxRwyWesOdFDyWcWTu4EtWIXvlE=",
      "skip": 0
    },
    {
      "type": "SET_OPERATION_SCHEMA",
      "input": {
        "id": "pjYd9zCFM9HNzkq4ZxprMr0RHUo=",
        "schema": "input AddPersonInput {\n  id: ID!\n  firstName: String!\n  age: Int!\n  height: Int\n  email: EmailAddress!\n  phone: String!\n  bio: String!\n  gender: Gender!\n  contactPreference: ContactPreference!\n}"
      },
      "scope": "global",
      "id": "d7d818ab-7bef-4764-ab25-9803f7699c13",
      "index": 6,
      "timestamp": "2025-03-01T23:16:05.501Z",
      "hash": "+f7Yo2+FcsEUmcLdHuTuI2nhCpI=",
      "skip": 0
    },
    {
      "type": "ADD_OPERATION",
      "input": {
        "id": "KZlDdu6yNjxNobs3DfLV9BgDOl8=",
        "moduleId": "QrqLx1WZub0/KEuWjXgpriEk1zc=",
        "name": "REMOVE_PERSON"
      },
      "scope": "global",
      "id": "a87c5fa6-7ebf-457f-a424-c52c77f4a81c",
      "index": 7,
      "timestamp": "2025-03-01T23:16:09.685Z",
      "hash": "usTs//VATu9gXUzuD+eRu08iuD8=",
      "skip": 0
    },
    {
      "type": "SET_OPERATION_SCHEMA",
      "input": {
        "id": "KZlDdu6yNjxNobs3DfLV9BgDOl8=",
        "schema": "input RemovePersonInput {\n  \"Add your inputs here\"\n  _placeholder: String\n}"
      },
      "scope": "global",
      "id": "2c68a58b-8db4-42d4-b36d-ac53f18099d5",
      "index": 8,
      "timestamp": "2025-03-01T23:16:09.904Z",
      "hash": "N/Z0H6mSq7yxRp/kz5Ac0ILiIBI=",
      "skip": 0
    },
    {
      "type": "SET_OPERATION_SCHEMA",
      "input": {
        "id": "KZlDdu6yNjxNobs3DfLV9BgDOl8=",
        "schema": "input RemovePersonInput {\n  id: ID!\n}"
      },
      "scope": "global",
      "id": "dafae7db-f484-4e60-b699-602145402cc7",
      "index": 9,
      "timestamp": "2025-03-01T23:16:15.825Z",
      "hash": "C++PK5dSTa2WSoL6vXQVxOgjoEM=",
      "skip": 0
    },
    {
      "type": "SET_INITIAL_STATE",
      "input": {
        "initialValue": "{\n  \"people\": []\n}",
        "scope": "global"
      },
      "scope": "global",
      "id": "944c7311-a2ea-4291-9d39-6d3eea6cabd2",
      "index": 10,
      "timestamp": "2025-03-01T23:16:30.781Z",
      "hash": "5LQyZh1vY+7zKYwoC19RF7Ji010=",
      "skip": 0
    },
    {
      "type": "SET_MODEL_ID",
      "input": {
        "id": "powerhouse/form-examples"
      },
      "scope": "global",
      "id": "55997451-1d74-4b54-ad51-b06760999b1b",
      "index": 11,
      "timestamp": "2025-03-01T23:16:58.028Z",
      "hash": "W/tdny0G8rc8+flvuHzO1onioFU=",
      "skip": 0
    },
    {
      "type": "SET_MODEL_EXTENSION",
      "input": {
        "extension": ".fexa"
      },
      "scope": "global",
      "id": "325ea0c7-d299-4a57-8404-eada80898ce4",
      "index": 12,
      "timestamp": "2025-03-01T23:17:13.448Z",
      "hash": "xh/FTnLweBzGmYBV0HsbNlgoHwA=",
      "skip": 0
    },
    {
      "type": "SET_AUTHOR_NAME",
      "input": {
        "authorName": "Powerhouse"
      },
      "scope": "global",
      "id": "b5eda6a2-3c17-4cb5-b6eb-242339fd5545",
      "index": 13,
      "timestamp": "2025-03-01T23:17:19.253Z",
      "hash": "0oquv+6tgFmlVHmumLX1JMCm9gM=",
      "skip": 0
    },
    {
      "type": "SET_AUTHOR_WEBSITE",
      "input": {
        "authorWebsite": "https://powerhouse.inc"
      },
      "scope": "global",
      "id": "3a275740-6d9a-4af5-9e8a-c45985309845",
      "index": 14,
      "timestamp": "2025-03-01T23:17:26.762Z",
      "hash": "/gUDLl4alXd5IyBAucui+FEMUvk=",
      "skip": 0
    },
    {
      "type": "SET_MODEL_DESCRIPTION",
      "input": {
        "description": "This Document Model is intended to show how UI Scalar component works in a Connect Editor"
      },
      "scope": "global",
      "id": "796bf766-e783-4287-9c84-eddaebdd542c",
      "index": 15,
      "timestamp": "2025-03-01T23:19:09.076Z",
      "hash": "9xOJ5w1vC1bVAs5r+9bFZ+mnJpI=",
      "skip": 0
    },
    {
      "type": "SET_MODEL_DESCRIPTION",
      "input": {
        "description": "This document model is intended to show how the UI Scalar component works in a Connect editor."
      },
      "scope": "global",
      "id": "6517b802-e7ea-4e09-8a83-cc5b1c443909",
      "index": 16,
      "timestamp": "2025-03-01T23:19:12.359Z",
      "hash": "xVk0HFBLpsDx+zhkjGw8v8wijBQ=",
      "skip": 0
    },
    {
      "type": "SET_STATE_SCHEMA",
      "input": {
        "schema": "type PeopleRegistryExampleState {\n  people: [Person!]!\n}\n\nenum Gender {\n  MALE\n  FEMALE\n  OTHER\n}\n\ntype ContactPreference {\n  receiveNotification: Boolean\n  subscribeToNewsletter: Boolean\n}\n\ntype Person {\n  id: ID!\n  firstName: String!\n  age: Int!\n  height: Int\n  email: EmailAddress!\n  phone: String!\n  bio: String!\n  gender: Gender!\n  contactPreference: ContactPreference!\n}",
        "scope": "global"
      },
      "scope": "global",
      "id": "fe69b4a8-be91-4ee5-8a0a-c8329c111659",
      "index": 17,
      "timestamp": "2025-03-03T22:21:56.598Z",
      "hash": "VZQnCvFpKV0SNJ21fs4OGLHdTC0=",
      "skip": 0
    },
    {
      "type": "ADD_OPERATION",
      "input": {
        "id": "yUV//aHKuKNYol6qcsdlMaHpT6g=",
        "moduleId": "QrqLx1WZub0/KEuWjXgpriEk1zc=",
        "name": "UPDATE_PERSON"
      },
      "scope": "global",
      "id": "8d96f320-39a0-426a-bfc8-7834bc3c4269",
      "index": 18,
      "timestamp": "2025-03-03T22:22:25.039Z",
      "hash": "LOXclbf1oOQRPQ709ebjScT30Zg=",
      "skip": 0
    },
    {
      "type": "SET_OPERATION_SCHEMA",
      "input": {
        "id": "yUV//aHKuKNYol6qcsdlMaHpT6g=",
        "schema": "input UpdatePersonInput {\n  \"Add your inputs here\"\n  _placeholder: String\n}"
      },
      "scope": "global",
      "id": "e0db6ffe-d197-4808-8f85-7b1357ac9919",
      "index": 19,
      "timestamp": "2025-03-03T22:22:25.088Z",
      "hash": "54T9ZKoQwLUnFJOFg4AUyGjy/58=",
      "skip": 0
    },
    {
      "type": "SET_OPERATION_SCHEMA",
      "input": {
        "id": "yUV//aHKuKNYol6qcsdlMaHpT6g=",
        "schema": "input UpdatePersonInput {\n  id: ID!\n  firstName: String\n  age: Int\n  height\n}"
      },
      "scope": "global",
      "id": "7c6e1026-76c2-472f-a6ae-6a2284255904",
      "index": 20,
      "timestamp": "2025-03-03T22:22:57.352Z",
      "hash": "gd4Yz+wQBylHFV3ZULF+pFPHDiU=",
      "skip": 0
    },
    {
      "type": "SET_OPERATION_SCHEMA",
      "input": {
        "id": "yUV//aHKuKNYol6qcsdlMaHpT6g=",
        "schema": "input UpdatePersonInput {\n  id: ID!\n  firstName: String\n  age: Int\n  height: Int\n  email: EmailAddress\n  phone: String\n  bio: String\n  gender: Gender\n  \n}"
      },
      "scope": "global",
      "id": "bd5fea52-7b10-4f04-a776-ba299207bafa",
      "index": 21,
      "timestamp": "2025-03-03T22:23:28.702Z",
      "hash": "2R7QDQFilpDV5l9Ba/h3yvvPa0I=",
      "skip": 0
    },
    {
      "type": "SET_OPERATION_SCHEMA",
      "input": {
        "id": "yUV//aHKuKNYol6qcsdlMaHpT6g=",
        "schema": "input UpdatePersonInput {\n  id: ID!\n  firstName: String\n  age: Int\n  height: Int\n  email: EmailAddress\n  phone: String\n  bio: String\n  gender: Gender\n  contactPreference: ContactPreference!\n}"
      },
      "scope": "global",
      "id": "2dd71192-75b0-4d70-8e53-04f98bcdad4e",
      "index": 22,
      "timestamp": "2025-03-03T22:23:50.264Z",
      "hash": "s/tNvzUMiLWiWugfzo3+/GT1jmU=",
      "skip": 0
    },
    {
      "type": "SET_OPERATION_SCHEMA",
      "input": {
        "id": "yUV//aHKuKNYol6qcsdlMaHpT6g=",
        "schema": "input UpdatePersonInput {\n  id: ID!\n  firstName: String\n  age: Int\n  height: Int\n  email: EmailAddress\n  phone: String\n  bio: String\n  gender: Gender\n  contactPreference: ContactPreference\n}"
      },
      "scope": "global",
      "id": "b351386d-b686-49f0-b50f-790f8909c952",
      "index": 23,
      "timestamp": "2025-03-03T23:32:58.697Z",
      "hash": "cBX1Nu5KsfYt1g81NvWedizNxms=",
      "skip": 0
    },
    {
      "type": "SET_STATE_SCHEMA",
      "input": {
        "schema": "type PeopleRegistryExampleState {\n  people: [Person!]!\n}\n\nenum Gender {\n  MALE\n  FEMALE\n  OTHER\n}\n\ntype ContactPreference {\n  receiveNotification: Boolean\n  subscribeToNewsletter: Boolean\n}\n\ntype Person {\n  id: ID!\n  firstName: String!\n  age: Int!\n  height: Int\n  email: EmailAddress!\n  phone: String!\n  bio: String!\n  gender: Gender!\n  contactPreference: ContactPreference!\n  country: \n}",
        "scope": "global"
      },
      "scope": "global",
      "id": "aa99830d-6682-435c-80f9-299af536cdbf",
      "index": 24,
      "timestamp": "2025-03-11T21:01:14.177Z",
      "hash": "ShOIlQf8Gs0DMBoDuu06UbpUgIk=",
      "skip": 0
    },
    {
      "type": "SET_STATE_SCHEMA",
      "input": {
        "schema": "type PeopleRegistryExampleState {\n  people: [Person!]!\n}\n\nenum Gender {\n  MALE\n  FEMALE\n  OTHER\n}\n\ntype ContactPreference {\n  receiveNotification: Boolean\n  subscribeToNewsletter: Boolean\n}\n\ntype Person {\n  id: ID!\n  firstName: String!\n  age: Int!\n  height: Int\n  email: EmailAddress!\n  phone: String!\n  bio: String!\n  gender: Gender!\n  contactPreference: ContactPreference!\n  country: String\n}",
        "scope": "global"
      },
      "scope": "global",
      "id": "9fefaf6c-4907-4ffb-b8d7-18a15d0aebea",
      "index": 25,
      "timestamp": "2025-03-11T21:01:23.656Z",
      "hash": "mdD45fPrOBJibzZmD6z3Xx3prAs=",
      "skip": 0
    },
    {
      "type": "SET_STATE_SCHEMA",
      "input": {
        "schema": "type PeopleRegistryExampleState {\n  people: [Person!]!\n}\n\nenum Gender {\n  MALE\n  FEMALE\n  OTHER\n}\n\ntype ContactPreference {\n  receiveNotification: Boolean\n  subscribeToNewsletter: Boolean\n}\n\ntype Person {\n  id: ID!\n  firstName: String!\n  age: Int!\n  height: Int\n  email: EmailAddress!\n  phone: String!\n  bio: String!\n  gender: Gender!\n  country: String\n  contactPreference: ContactPreference!\n}",
        "scope": "global"
      },
      "scope": "global",
      "id": "38cec846-fc9b-4f0e-93cf-889366028314",
      "index": 26,
      "timestamp": "2025-03-11T21:01:53.855Z",
      "hash": "4VHhNpjPe9n7/Nh8fCtqzNGRIUw=",
      "skip": 0
    },
    {
      "type": "SET_OPERATION_SCHEMA",
      "input": {
        "id": "pjYd9zCFM9HNzkq4ZxprMr0RHUo=",
        "schema": "input AddPersonInput {\n  id: ID!\n  firstName: String!\n  age: Int!\n  height: Int\n  email: EmailAddress!\n  phone: String!\n  bio: String!\n  gender: Gender!\n  country: String\n  contactPreference: ContactPreference!\n}"
      },
      "scope": "global",
      "id": "b3f1dddd-df92-49e0-9438-820fb52719dc",
      "index": 27,
      "timestamp": "2025-03-11T21:02:06.684Z",
      "hash": "B+yPG/1ox2gPOJpwpbe4BxtM8VA=",
      "skip": 0
    },
    {
      "type": "SET_OPERATION_SCHEMA",
      "input": {
        "id": "yUV//aHKuKNYol6qcsdlMaHpT6g=",
        "schema": "input UpdatePersonInput {\n  id: ID!\n  firstName: String\n  age: Int\n  height: Int\n  email: EmailAddress\n  phone: String\n  bio: String\n  gender: Gender\n  country: String\n  contactPreference: ContactPreference\n}"
      },
      "scope": "global",
      "id": "22f45d65-0360-4b5d-af71-1b9090ac76ed",
      "index": 28,
      "timestamp": "2025-03-11T21:02:15.493Z",
      "hash": "IqcTETQR6dfLUMnYSpwA2N+BDeY=",
      "skip": 0
    }
  ],
  "local": []
}